name,value,time
motion,active,03:35.2
motion,inactive,03:21.2
motion,active,01:56.2
motion,inactive,01:53.3
motion,active,01:07.2
motion,inactive,00:50.0
motion,active,00:39.3
motion,inactive,00:19.5
motion,active,59:56.9
motion,inactive,59:55.8
motion,active,58:55.8
motion,inactive,58:45.9
motion,active,57:56.4
motion,inactive,57:46.1
motion,active,57:27.4
motion,inactive,57:26.0
motion,active,54:59.2
motion,inactive,54:57.2
motion,active,54:38.3
status,closed,54:33.9
status,open,54:31.7
status,closed,54:30.5
acceleration,inactive,53:49.7
status,open,53:44.9
motion,inactive,53:44.6
status,closed,53:43.8
status,open,53:42.1
status,closed,53:41.1
status,open,53:40.0
status,closed,53:38.8
acceleration,active,53:37.5
motion,active,53:33.8
motion,inactive,53:29.7
motion,active,53:18.6
motion,inactive,53:11.5
motion,active,52:58.1
motion,inactive,52:31.9
motion,active,52:19.3
acceleration,inactive,51:29.5
acceleration,active,51:25.4
status,open,51:25.2
temperature,74,46:45.9
temperature,73,16:39.8
motion,inactive,06:31.0
motion,active,04:54.0
motion,inactive,04:53.0
motion,active,04:36.1
motion,inactive,04:21.2
motion,active,03:58.5
motion,inactive,03:49.4
motion,active,03:35.2
motion,inactive,03:34.1
motion,active,03:21.9
motion,inactive,03:13.8
motion,active,03:00.2
motion,inactive,02:49.3
motion,active,02:13.9
motion,inactive,02:12.9
motion,active,01:32.3
motion,inactive,01:10.3
motion,active,00:56.3
motion,inactive,00:52.3
motion,active,00:22.6
motion,inactive,00:17.8
motion,active,59:54.7
acceleration,inactive,59:47.1
status,closed,59:43.0
acceleration,active,59:41.7
motion,inactive,59:01.2
acceleration,inactive,58:55.9
status,open,58:51.6
acceleration,active,58:51.6
motion,active,58:34.9
motion,inactive,58:26.5
motion,active,57:13.7
motion,inactive,57:06.7
motion,active,56:52.6
motion,inactive,56:42.7
motion,active,56:22.4
motion,inactive,56:08.3
motion,active,55:40.4
motion,inactive,55:36.7
motion,active,55:10.5
motion,inactive,55:08.8
motion,active,54:14.8
motion,inactive,53:55.6
motion,active,53:39.0
motion,inactive,53:23.9
motion,active,52:58.5
motion,inactive,52:53.4
motion,active,52:25.5
motion,inactive,52:20.9
motion,active,52:09.7
motion,inactive,52:05.8
motion,active,51:51.5
motion,inactive,51:45.8
motion,active,50:25.4
motion,inactive,50:24.1
motion,active,50:09.1
motion,inactive,50:02.0
motion,active,49:49.3
motion,inactive,49:18.3
motion,active,48:56.2
motion,inactive,48:53.0
motion,active,48:42.5
motion,inactive,48:35.4
motion,active,47:27.5
motion,inactive,47:17.9
motion,active,46:34.7
motion,inactive,46:28.6
motion,active,45:46.9
motion,inactive,45:24.7
motion,active,45:00.1
motion,inactive,44:59.1
motion,active,44:37.4
motion,inactive,44:36.4
motion,active,44:02.0
motion,inactive,43:56.7
motion,active,43:26.5
motion,inactive,43:18.6
motion,active,42:52.7
motion,inactive,42:47.0
motion,active,42:21.8
motion,inactive,42:17.1
motion,active,42:04.7
motion,inactive,42:00.3
motion,active,41:48.7
motion,inactive,41:41.2
motion,active,41:20.8
motion,inactive,41:12.9
motion,active,40:58.2
motion,inactive,40:55.7
motion,active,40:13.8
motion,inactive,39:20.7
motion,active,37:58.3
motion,inactive,37:55.0
motion,active,37:12.2
motion,inactive,36:57.9
motion,active,36:33.7
motion,inactive,36:31.0
motion,active,35:58.2
motion,inactive,35:56.0
motion,active,34:32.4
motion,inactive,33:56.4
motion,active,32:55.7
motion,inactive,32:53.1
motion,active,32:40.3
motion,inactive,32:25.5
motion,active,32:14.9
motion,inactive,32:02.3
motion,active,31:46.8
motion,inactive,31:39.9
motion,active,31:23.3
motion,inactive,31:19.9
motion,active,30:36.3
motion,inactive,30:24.3
motion,active,30:10.7
motion,inactive,29:58.8
motion,active,29:44.1
motion,inactive,29:43.1
motion,active,28:41.0
motion,inactive,28:39.4
motion,active,28:16.7
motion,inactive,28:15.6
motion,active,28:00.6
motion,inactive,27:39.6
motion,active,27:28.1
motion,inactive,27:18.3
motion,active,26:27.4
motion,inactive,25:49.2
motion,active,25:27.4
motion,inactive,24:58.7
motion,active,24:37.1
motion,inactive,24:26.5
motion,active,23:08.1
motion,inactive,22:41.4
motion,active,21:03.0
motion,inactive,20:47.5
motion,active,20:27.2
motion,inactive,20:21.9
motion,active,19:39.6
motion,inactive,19:36.0
motion,active,19:22.0
motion,inactive,19:14.0
motion,active,18:19.7
motion,inactive,18:09.0
motion,active,17:58.4
motion,inactive,17:49.5
motion,active,17:34.5
motion,inactive,17:21.0
temperature,72,16:27.3
motion,active,14:59.4
motion,inactive,14:58.4
motion,active,14:26.7
motion,inactive,14:22.2
motion,active,12:42.9
motion,inactive,12:38.7
motion,active,10:31.0
motion,inactive,10:23.8
motion,active,10:09.6
motion,inactive,10:00.6
motion,active,08:47.7
motion,inactive,08:44.6
motion,active,08:08.3
motion,inactive,07:56.9
motion,active,07:43.6
motion,inactive,07:42.3
motion,active,07:31.7
motion,inactive,07:25.0
motion,active,07:00.7
motion,inactive,06:54.3
motion,active,06:31.1
motion,inactive,06:19.9
motion,active,05:47.3
motion,inactive,05:41.6
motion,active,05:29.8
motion,inactive,05:01.4
motion,active,04:50.9
motion,inactive,04:23.2
motion,active,04:11.7
motion,inactive,04:07.1
motion,active,03:55.1
motion,inactive,03:49.4
motion,active,03:24.7
motion,inactive,03:08.9
motion,active,01:48.1
motion,inactive,01:41.6
motion,active,01:25.3
motion,inactive,01:16.6
motion,active,00:30.7
motion,inactive,00:16.6
motion,active,59:43.3
motion,inactive,59:40.2
motion,active,58:33.4
motion,inactive,58:32.4
motion,active,58:01.1
motion,inactive,57:58.3
temperature,71,56:23.7
motion,active,55:43.1
motion,inactive,55:40.7
motion,active,55:14.4
motion,inactive,55:02.3
motion,active,53:41.2
motion,inactive,53:40.1
motion,active,52:21.0
motion,inactive,52:19.2
acceleration,inactive,51:15.9
motion,active,51:12.6
status,closed,51:11.7
status,open,51:09.1
acceleration,active,51:09.1
acceleration,inactive,48:42.2
status,closed,48:38.4
acceleration,active,48:38.4
motion,inactive,48:21.4
acceleration,inactive,48:16.9
status,open,48:10.6
acceleration,active,48:10.2
motion,active,47:08.0
motion,inactive,47:05.5
motion,active,46:09.4
motion,inactive,46:08.2
motion,active,45:20.2
motion,inactive,45:14.8
motion,active,44:42.3
motion,inactive,44:31.1
motion,active,40:28.4
motion,inactive,40:24.4
motion,active,39:57.5
motion,inactive,39:33.1
motion,active,39:22.8
motion,inactive,39:21.2
motion,active,38:19.5
motion,inactive,38:18.3
motion,active,36:12.3
motion,inactive,36:10.8
motion,active,35:54.5
motion,inactive,35:53.5
acceleration,inactive,33:27.0
motion,active,33:24.5
status,closed,33:23.2
acceleration,active,33:20.6
status,open,33:20.4
acceleration,inactive,32:38.3
status,closed,32:34.6
acceleration,active,32:31.1
status,open,32:31.0
temperature,72,56:11.1
acceleration,inactive,45:51.0
status,closed,45:47.4
acceleration,active,45:44.1
status,open,45:43.8
acceleration,inactive,45:41.9
status,closed,45:38.5
status,open,45:34.5
acceleration,active,45:34.2
acceleration,inactive,44:55.5
status,closed,44:51.6
acceleration,active,44:47.9
status,open,44:47.9
acceleration,inactive,44:29.4
motion,inactive,44:29.1
status,closed,44:25.6
acceleration,active,44:24.3
acceleration,inactive,44:21.6
acceleration,active,44:17.2
status,open,44:17.2
motion,active,43:58.8
motion,inactive,43:57.8
motion,active,43:29.3
motion,inactive,43:19.7
motion,active,43:01.9
temperature,73,42:43.5
acceleration,inactive,42:35.9
acceleration,active,42:32.3
acceleration,inactive,42:29.3
acceleration,active,42:26.4
acceleration,inactive,42:25.4
status,closed,42:25.3
acceleration,active,42:21.4
status,open,42:21.2
acceleration,inactive,41:32.6
acceleration,active,41:29.5
status,closed,41:29.1
acceleration,inactive,41:28.5
status,open,41:22.1
acceleration,active,41:22.0
acceleration,inactive,40:30.0
status,closed,40:26.2
status,open,40:22.9
acceleration,active,40:22.9
motion,inactive,39:25.1
motion,active,39:15.0
acceleration,inactive,39:09.0
acceleration,active,39:05.2
status,closed,39:05.1
motion,inactive,38:36.7
motion,active,38:11.2
motion,inactive,37:52.6
motion,active,37:35.9
motion,inactive,37:30.8
motion,active,37:10.6
motion,inactive,36:44.0
motion,active,36:32.3
motion,inactive,36:30.5
acceleration,inactive,36:18.9
motion,active,36:18.5
acceleration,active,36:12.3
acceleration,inactive,26:58.3
acceleration,active,26:52.3
acceleration,inactive,23:41.5
acceleration,active,23:35.7
motion,inactive,23:29.5
motion,active,23:10.8
motion,inactive,16:35.9
motion,active,16:14.4
motion,inactive,16:11.3
motion,active,15:58.2
motion,inactive,15:39.1
motion,active,12:23.3
motion,inactive,12:12.6
motion,active,12:02.4
motion,inactive,12:00.6
motion,active,11:28.9
motion,inactive,11:19.2
motion,active,10:29.3
motion,inactive,10:21.2
motion,active,09:43.8
motion,inactive,09:39.5
motion,active,08:53.0
motion,inactive,08:18.4
motion,active,08:07.4
motion,inactive,07:29.6
motion,active,07:02.2
motion,inactive,06:50.5
motion,active,06:09.6
motion,inactive,04:05.4
motion,active,03:47.0
motion,inactive,03:45.0
motion,active,03:04.3
motion,inactive,02:30.3
motion,active,02:19.7
motion,inactive,02:08.5
motion,active,01:46.2
motion,inactive,01:32.4
motion,active,00:54.7
motion,inactive,00:39.5
motion,active,59:52.2
motion,inactive,59:45.0
motion,active,59:05.0
motion,inactive,58:50.2
motion,active,58:35.8
motion,inactive,58:31.9
motion,active,57:49.2
motion,inactive,57:41.4
motion,active,57:30.9
motion,inactive,57:28.8
motion,active,56:45.7
motion,inactive,56:42.6
motion,active,56:18.8
motion,inactive,56:16.8
motion,active,55:27.2
motion,inactive,55:17.2
motion,active,55:07.6
motion,inactive,55:06.6
motion,active,54:31.8
motion,inactive,54:30.3
motion,active,54:00.0
motion,inactive,53:55.8
motion,active,53:41.8
motion,inactive,53:25.9
motion,active,53:00.7
motion,inactive,52:59.7
motion,active,52:46.1
motion,inactive,52:44.7
motion,active,52:29.8
motion,inactive,52:17.0
motion,active,51:47.5
motion,inactive,51:44.7
motion,active,50:55.4
motion,inactive,50:38.1
motion,active,50:00.9
motion,inactive,49:48.8
motion,active,49:34.0
motion,inactive,49:27.0
motion,active,48:43.9
motion,inactive,48:40.9
motion,active,47:46.6
motion,inactive,47:27.9
motion,active,46:54.7
motion,inactive,46:48.6
motion,active,46:37.3
motion,inactive,46:29.3
motion,active,46:07.4
motion,inactive,45:30.8
motion,active,44:33.5
motion,inactive,43:51.1
motion,active,43:07.8
motion,inactive,43:03.2
motion,active,40:34.3
acceleration,inactive,40:19.6
acceleration,active,40:15.1
motion,inactive,39:08.4
acceleration,inactive,39:02.1
acceleration,active,38:57.4
motion,active,38:16.1
motion,inactive,38:10.1
motion,active,36:34.4
motion,inactive,35:42.4
motion,active,35:07.8
motion,inactive,35:05.7
acceleration,inactive,33:41.0
motion,active,33:38.7
acceleration,active,33:36.6
motion,inactive,33:11.5
acceleration,inactive,33:08.4
status,open,33:04.1
acceleration,active,33:04.1
acceleration,inactive,21:27.4
motion,active,21:25.7
status,closed,21:23.7
acceleration,active,21:21.7
motion,inactive,16:11.8
acceleration,inactive,16:04.1
acceleration,active,16:00.0
motion,active,15:14.4
motion,inactive,15:03.4
motion,active,14:30.5
motion,inactive,14:18.8
motion,active,14:07.4
motion,inactive,14:02.1
motion,active,13:18.0
motion,inactive,13:12.9
motion,active,09:05.6
motion,inactive,09:03.9
motion,active,04:02.6
motion,inactive,03:49.9
motion,active,02:56.2
motion,inactive,02:49.7
motion,active,02:30.3
motion,inactive,02:27.1
motion,active,00:44.7
motion,inactive,00:41.6
motion,active,00:02.2
motion,inactive,59:57.7
motion,active,59:12.5
motion,inactive,59:11.5
motion,active,58:42.4
motion,inactive,58:35.0
motion,active,56:50.0
motion,inactive,56:45.0
motion,active,56:23.2
motion,inactive,55:41.8
motion,active,55:07.1
motion,inactive,55:04.0
motion,active,54:52.2
motion,inactive,54:46.5
motion,active,54:36.1
motion,inactive,54:16.6
motion,active,54:01.4
motion,inactive,53:45.3
motion,active,53:30.6
motion,inactive,52:57.7
motion,active,51:57.6
acceleration,inactive,51:57.5
acceleration,active,51:51.7
acceleration,inactive,46:13.4
acceleration,active,46:06.7
motion,inactive,45:57.0
motion,active,45:40.3
motion,inactive,45:35.7
motion,active,44:50.9
motion,inactive,43:09.9
motion,active,42:32.6
acceleration,inactive,41:23.5
acceleration,active,41:18.8
motion,inactive,40:58.0
acceleration,inactive,40:54.1
acceleration,active,40:50.0
acceleration,inactive,40:33.9
motion,active,40:31.4
acceleration,active,40:29.3
acceleration,inactive,39:42.2
acceleration,active,39:37.8
acceleration,inactive,39:24.4
acceleration,active,39:19.7
motion,inactive,38:38.8
acceleration,inactive,38:33.2
acceleration,active,38:29.1
motion,active,38:23.2
motion,inactive,37:56.9
motion,active,37:45.5
motion,inactive,37:21.4
motion,active,36:51.4
motion,inactive,36:50.2
motion,active,36:34.2
motion,inactive,36:18.3
motion,active,36:05.6
motion,inactive,35:51.7
motion,active,35:18.1
motion,inactive,34:57.4
motion,active,34:32.0
motion,inactive,34:08.2
motion,active,33:56.1
motion,inactive,33:52.2
motion,active,33:16.2
motion,inactive,33:10.9
motion,active,32:59.1
motion,inactive,32:58.1
motion,active,31:44.4
motion,inactive,31:42.2
motion,active,31:25.4
motion,inactive,31:15.0
motion,active,30:52.8
motion,inactive,30:50.2
motion,active,26:25.8
motion,inactive,26:23.8
motion,active,24:54.1
motion,inactive,24:50.6
motion,active,24:37.5
motion,inactive,24:34.5
motion,active,23:42.1
motion,inactive,23:29.4
motion,active,22:55.2
motion,inactive,22:53.0
motion,active,21:09.3
motion,inactive,21:06.8
motion,active,20:18.6
motion,inactive,20:14.9
motion,active,19:31.9
motion,inactive,19:30.7
motion,active,18:20.9
motion,inactive,18:14.4
motion,active,17:41.8
motion,inactive,17:34.8
motion,active,17:16.9
motion,inactive,17:15.3
acceleration,inactive,13:45.2
motion,active,13:42.6
acceleration,active,13:39.4
acceleration,inactive,13:35.6
motion,inactive,13:32.5
acceleration,active,13:29.7
status,open,13:29.7
motion,active,13:04.8
motion,inactive,13:01.5
motion,active,12:24.2
motion,inactive,12:19.0
motion,active,10:56.9
motion,inactive,10:55.4
motion,active,09:49.9
motion,inactive,09:45.6
motion,active,08:15.8
motion,inactive,08:10.7
motion,active,07:14.6
motion,inactive,07:13.6
motion,active,05:39.4
motion,inactive,05:29.6
motion,active,04:16.0
motion,inactive,04:12.9
motion,active,02:22.3
motion,inactive,02:20.2
temperature,72,00:35.9
motion,active,58:23.7
motion,inactive,57:51.7
motion,active,57:40.0
motion,inactive,57:18.4
motion,active,56:59.4
motion,inactive,56:56.4
motion,active,56:27.2
motion,inactive,56:10.4
motion,active,55:23.7
motion,inactive,55:18.9
motion,active,54:55.9
motion,inactive,54:31.9
motion,active,54:00.8
motion,inactive,53:51.5
motion,active,53:36.8
motion,inactive,53:30.8
motion,active,53:02.7
acceleration,inactive,53:02.1
status,closed,52:58.4
acceleration,active,52:56.0
acceleration,inactive,52:53.0
acceleration,active,52:47.9
status,open,52:47.6
motion,inactive,52:41.0
motion,active,52:18.1
motion,inactive,52:17.9
motion,active,52:01.0
motion,inactive,52:00.0
motion,active,51:26.3
motion,inactive,51:25.3
motion,active,50:46.6
motion,inactive,50:28.2
motion,active,49:47.5
motion,inactive,49:41.3
motion,active,48:35.7
motion,inactive,48:28.8
motion,active,47:58.3
motion,inactive,47:55.9
motion,active,47:25.9
motion,inactive,47:23.7
motion,active,46:57.3
motion,inactive,46:34.4
motion,active,46:13.5
motion,inactive,46:12.5
motion,active,45:41.3
motion,inactive,45:40.2
motion,active,45:20.1
motion,inactive,45:15.9
motion,active,44:51.4
motion,inactive,44:47.7
motion,active,44:34.2
motion,inactive,44:17.1
motion,active,44:02.1
motion,inactive,43:55.0
motion,active,43:06.5
motion,inactive,42:53.5
motion,active,40:43.0
motion,inactive,40:40.0
motion,active,38:46.5
motion,inactive,38:31.1
motion,active,38:17.4
motion,inactive,38:16.4
motion,active,38:03.7
motion,inactive,37:57.4
motion,active,36:24.9
motion,inactive,36:22.7
motion,active,36:12.5
motion,inactive,36:07.3
motion,active,35:56.9
motion,inactive,35:55.4
motion,active,35:17.8
motion,inactive,35:13.7
motion,active,34:52.5
motion,inactive,34:44.3
motion,active,34:20.0
motion,inactive,34:19.0
motion,active,33:19.0
motion,inactive,33:09.8
motion,active,32:20.9
motion,inactive,32:14.2
motion,active,31:41.4
motion,inactive,31:40.4
motion,active,30:30.0
motion,inactive,30:19.0
motion,active,28:45.6
acceleration,inactive,28:44.0
acceleration,active,28:40.4
status,closed,28:40.3
acceleration,inactive,26:56.4
acceleration,active,26:50.6
motion,inactive,13:21.0
acceleration,inactive,13:16.3
acceleration,active,13:12.8
motion,active,13:09.8
acceleration,inactive,12:55.1
acceleration,active,12:51.6
motion,inactive,12:39.9
motion,active,12:26.2
acceleration,inactive,12:15.9
acceleration,active,12:11.7
temperature,71,25:16.9
acceleration,inactive,22:23.4
acceleration,active,22:18.9
motion,inactive,21:58.2
motion,active,21:04.5
acceleration,inactive,21:03.2
acceleration,active,20:58.6
motion,inactive,18:03.1
acceleration,inactive,17:56.7
acceleration,active,17:52.2
motion,active,17:09.2
motion,inactive,17:08.1
motion,active,16:36.1
motion,inactive,16:33.5
motion,active,15:36.3
motion,inactive,15:18.1
acceleration,inactive,14:54.5
motion,active,14:51.9
acceleration,active,14:49.2
acceleration,inactive,14:30.3
acceleration,active,14:26.1
motion,inactive,13:23.9
motion,active,13:10.8
motion,inactive,12:58.6
motion,active,12:47.6
motion,inactive,12:44.0
motion,active,12:28.2
acceleration,inactive,12:06.2
acceleration,active,12:01.6
acceleration,inactive,11:47.3
acceleration,active,11:43.2
motion,inactive,10:49.3
acceleration,inactive,10:44.1
acceleration,active,10:39.4
motion,active,10:36.5
motion,inactive,10:17.8
acceleration,inactive,10:12.4
status,open,10:08.2
acceleration,active,10:08.1
motion,active,08:41.0
motion,inactive,18:53.7
motion,active,17:07.2
motion,inactive,15:58.6
motion,active,13:52.3
motion,inactive,13:43.1
acceleration,inactive,13:25.6
acceleration,active,13:22.2
motion,active,13:03.4
motion,inactive,13:02.4
motion,active,10:57.6
motion,inactive,10:51.3
motion,active,10:35.6
motion,inactive,10:26.8
motion,active,10:00.7
motion,inactive,09:57.4
motion,active,09:10.5
motion,inactive,09:08.8
motion,active,08:46.6
motion,inactive,08:43.4
motion,active,08:25.0
motion,inactive,08:24.0
motion,active,04:19.2
motion,inactive,04:15.1
motion,active,03:06.9
motion,inactive,02:58.0
motion,active,01:29.3
acceleration,inactive,01:28.6
status,closed,01:24.7
acceleration,active,01:21.1
status,open,01:21.0
acceleration,inactive,57:00.1
acceleration,active,56:56.6
status,closed,56:56.2
motion,inactive,51:58.4
acceleration,inactive,51:52.8
acceleration,active,51:47.6
motion,active,51:40.5
acceleration,inactive,51:27.6
acceleration,active,51:23.6
temperature,72,44:45.0
acceleration,inactive,29:42.3
acceleration,active,29:34.0
acceleration,inactive,28:01.4
acceleration,active,27:56.9
motion,inactive,27:27.3
motion,active,25:44.8
motion,inactive,25:05.4
motion,active,24:54.4
motion,inactive,24:42.1
acceleration,inactive,24:32.7
motion,active,24:31.2
acceleration,active,24:28.1
temperature,73,24:14.3
acceleration,inactive,24:04.6
acceleration,active,24:00.4
motion,inactive,23:56.1
motion,active,23:35.6
acceleration,inactive,23:17.3
acceleration,active,23:12.5
motion,inactive,22:28.3
motion,active,20:11.2
motion,inactive,19:45.9
acceleration,inactive,19:40.5
status,open,19:36.3
acceleration,active,19:36.3
motion,active,19:23.5
motion,inactive,19:13.7
motion,active,18:57.5
acceleration,inactive,05:47.9
status,closed,05:44.1
acceleration,active,05:41.8
temperature,72,59:09.6
motion,inactive,53:04.5
acceleration,inactive,53:03.7
acceleration,active,52:57.2
status,open,52:57.1
motion,active,52:47.0
temperature,71,39:05.6
temperature,70,48:55.5
acceleration,inactive,38:46.5
acceleration,active,38:43.3
acceleration,inactive,19:33.4
acceleration,active,19:30.1
temperature,69,43:44.1
acceleration,inactive,16:34.0
acceleration,active,16:30.8
acceleration,inactive,16:09.2
acceleration,active,16:05.8
temperature,70,48:23.1
temperature,71,17:53.0
temperature,72,07:39.1
motion,inactive,45:48.1
motion,active,45:14.8
motion,inactive,44:14.8
acceleration,inactive,43:58.2
motion,active,43:56.8
status,closed,43:54.6
acceleration,active,43:52.5
acceleration,inactive,43:01.4
status,open,42:57.6
acceleration,active,42:57.3
motion,inactive,05:03.8
acceleration,inactive,04:20.8
motion,active,04:19.9
status,closed,04:16.9
acceleration,active,04:13.8
motion,inactive,56:15.3
acceleration,inactive,56:09.5
acceleration,active,56:05.2
motion,active,55:23.1
motion,inactive,55:20.9
motion,active,55:09.4
motion,inactive,55:07.6
motion,active,54:34.7
motion,inactive,54:33.7
motion,active,54:20.9
motion,inactive,54:10.8
motion,active,52:09.1
motion,inactive,52:03.6
motion,active,51:28.8
motion,inactive,51:25.1
motion,active,51:04.6
motion,inactive,50:58.2
motion,active,50:41.3
motion,inactive,50:28.9
motion,active,50:18.0
motion,inactive,50:15.7
motion,active,50:02.2
motion,inactive,49:51.8
motion,active,49:32.5
motion,inactive,49:27.8
motion,active,48:56.3
motion,inactive,48:19.7
motion,active,47:18.2
motion,inactive,47:16.2
motion,active,47:02.7
motion,inactive,46:53.7
motion,active,46:33.4
motion,inactive,46:29.2
motion,active,46:13.2
motion,inactive,46:12.2
motion,active,44:01.5
motion,inactive,43:18.2
motion,active,42:30.2
motion,inactive,42:26.4
temperature,73,42:20.9
motion,active,41:11.3
motion,inactive,41:09.0
motion,active,40:41.4
motion,inactive,40:39.5
motion,active,39:50.4
motion,inactive,39:24.5
motion,active,39:08.5
motion,inactive,38:48.9
motion,active,37:34.9
motion,inactive,37:32.4
motion,active,37:17.1
motion,inactive,37:14.1
acceleration,inactive,36:13.2
acceleration,active,36:08.7
motion,active,36:02.9
motion,inactive,35:59.2
motion,active,35:36.1
motion,inactive,35:29.4
motion,active,35:09.6
motion,inactive,35:04.3
motion,active,34:31.1
motion,inactive,34:17.2
motion,active,33:57.5
motion,inactive,33:54.5
motion,active,33:43.9
motion,inactive,33:33.0
motion,active,33:10.8
motion,inactive,32:48.1
motion,active,32:01.8
motion,inactive,31:56.4
motion,active,31:39.7
motion,inactive,31:34.7
motion,active,31:19.6
motion,inactive,31:14.1
motion,active,30:03.1
motion,inactive,29:58.3
motion,active,29:14.6
motion,inactive,29:13.6
motion,active,26:59.3
temperature,74,17:15.2
motion,inactive,08:16.9
motion,active,08:04.4
motion,inactive,07:31.6
acceleration,inactive,07:27.0
acceleration,active,07:22.3
acceleration,inactive,07:18.5
motion,active,07:17.2
acceleration,active,07:15.2
acceleration,inactive,04:56.4
acceleration,active,04:51.9
motion,inactive,04:43.7
motion,active,04:23.5
motion,inactive,04:18.1
motion,active,03:24.5
motion,inactive,03:22.2
motion,active,02:03.6
motion,inactive,01:58.9
motion,active,01:41.3
motion,inactive,01:34.6
motion,active,01:23.0
motion,inactive,01:21.8
motion,active,00:37.9
motion,inactive,00:16.7
motion,active,00:06.1
motion,inactive,59:53.3
motion,active,59:27.5
motion,inactive,59:18.4
motion,active,59:08.0
motion,inactive,58:55.0
motion,active,58:36.7
motion,inactive,58:31.6
motion,active,58:09.4
motion,inactive,58:03.5
motion,active,57:36.8
motion,inactive,57:12.7
motion,active,56:46.9
motion,inactive,56:45.1
motion,active,55:20.7
motion,inactive,55:17.7
motion,active,54:28.4
motion,inactive,54:27.2
motion,active,54:10.9
motion,inactive,54:08.4
motion,active,53:44.7
motion,inactive,53:41.2
motion,active,53:04.2
motion,inactive,52:59.3
motion,active,52:26.0
motion,inactive,52:24.5
motion,active,52:03.2
motion,inactive,51:59.3
motion,active,51:43.1
motion,inactive,51:39.7
motion,active,51:10.5
motion,inactive,50:50.2
motion,active,49:29.0
motion,inactive,49:20.3
motion,active,48:41.8
motion,inactive,48:35.3
motion,active,47:03.4
motion,inactive,46:52.4
motion,active,46:03.4
motion,inactive,46:01.9
motion,active,45:08.3
motion,inactive,44:14.5
motion,active,43:29.9
motion,inactive,43:28.9
motion,active,43:04.1
motion,inactive,42:47.3
motion,active,42:36.8
motion,inactive,42:34.1
motion,active,41:50.9
motion,inactive,41:49.8
motion,active,41:39.4
motion,inactive,41:36.3
motion,active,40:45.5
motion,inactive,40:39.7
motion,active,39:10.6
motion,inactive,38:53.6
motion,active,38:17.3
motion,inactive,37:59.9
motion,active,37:46.4
motion,inactive,37:41.8
temperature,75,37:05.9
motion,active,37:04.4
motion,inactive,36:45.2
motion,active,36:25.7
motion,inactive,36:22.9
motion,active,36:12.5
motion,inactive,36:05.8
motion,active,35:56.0
motion,inactive,35:55.0
motion,active,35:27.8
motion,inactive,35:23.2
motion,active,35:01.8
motion,inactive,34:57.7
motion,active,34:24.1
motion,inactive,34:17.3
motion,active,34:05.9
motion,inactive,33:50.1
motion,active,33:25.2
motion,inactive,33:11.5
motion,active,32:06.9
motion,inactive,32:00.6
motion,active,31:29.5
motion,inactive,31:19.9
acceleration,inactive,30:53.9
motion,active,30:51.2
acceleration,active,30:49.2
motion,inactive,30:11.4
acceleration,inactive,30:04.7
acceleration,active,30:00.3
motion,active,29:55.6
motion,inactive,29:51.2
motion,active,28:31.6
motion,inactive,27:58.4
motion,active,27:41.7
motion,inactive,27:23.5
motion,active,27:00.5
motion,inactive,26:42.0
motion,active,25:55.5
motion,inactive,25:51.9
motion,active,25:22.9
motion,inactive,25:21.8
motion,active,24:41.3
motion,inactive,24:28.8
motion,active,23:06.9
motion,inactive,23:01.0
motion,active,21:56.0
motion,inactive,21:54.7
motion,active,21:32.1
motion,inactive,21:26.6
motion,active,21:07.9
motion,inactive,21:05.9
motion,active,19:27.8
motion,inactive,19:18.2
motion,active,18:06.2
motion,inactive,17:47.2
motion,active,17:27.0
motion,inactive,17:22.5
motion,active,16:56.6
motion,inactive,16:48.9
motion,active,16:17.1
motion,inactive,16:14.9
motion,active,15:56.8
motion,inactive,15:41.9
motion,active,14:53.2
motion,inactive,14:48.2
motion,active,14:23.5
motion,inactive,14:16.4
motion,active,13:43.9
motion,inactive,13:41.3
motion,active,13:05.5
motion,inactive,13:04.0
motion,active,12:30.1
motion,inactive,12:18.4
motion,active,11:47.4
motion,inactive,11:34.4
motion,active,10:31.2
motion,inactive,10:30.2
motion,active,09:46.4
motion,inactive,09:43.5
motion,active,08:36.8
motion,inactive,08:32.9
motion,active,08:21.1
motion,inactive,08:18.7
motion,active,08:07.1
motion,inactive,07:52.4
motion,active,07:41.7
motion,inactive,07:32.2
motion,active,07:07.9
motion,inactive,06:44.8
motion,active,06:08.8
motion,inactive,06:00.7
motion,active,05:42.7
motion,inactive,05:38.8
motion,active,05:28.2
motion,inactive,05:07.9
motion,active,03:50.6
motion,inactive,03:42.8
motion,active,59:24.5
motion,inactive,59:04.5
motion,active,57:54.3
motion,inactive,57:52.0
motion,active,57:06.9
motion,inactive,57:03.9
motion,active,55:48.0
motion,inactive,55:37.9
motion,active,55:24.8
motion,inactive,55:20.6
motion,active,54:49.9
motion,inactive,54:46.1
motion,active,53:57.0
motion,inactive,53:55.6
motion,active,53:22.7
motion,inactive,53:03.6
motion,active,52:20.9
motion,inactive,52:16.9
motion,active,51:51.1
motion,inactive,51:43.3
motion,active,51:05.6
motion,inactive,51:02.8
motion,active,50:09.3
motion,inactive,50:02.8
motion,active,48:46.3
motion,inactive,48:36.9
motion,active,47:43.0
motion,inactive,47:42.0
motion,active,47:08.4
motion,inactive,47:03.1
motion,active,46:52.6
motion,inactive,46:39.8
motion,active,45:29.3
motion,inactive,45:18.7
motion,active,43:41.1
motion,inactive,43:39.4
motion,active,43:18.8
motion,inactive,42:44.7
motion,active,42:12.9
motion,inactive,41:55.4
motion,active,41:40.5
motion,inactive,41:39.0
motion,active,41:28.7
motion,inactive,41:10.1
motion,active,40:28.9
motion,inactive,40:12.9
motion,active,40:01.1
motion,inactive,39:47.6
motion,active,39:36.1
motion,inactive,39:25.8
motion,active,39:13.3
motion,inactive,38:18.3
motion,active,37:19.1
motion,inactive,36:56.4
motion,active,36:37.8
motion,inactive,36:22.7
motion,active,35:28.1
motion,inactive,34:07.8
motion,active,33:38.2
motion,inactive,33:18.8
motion,active,33:08.4
motion,inactive,33:06.0
motion,active,32:19.7
motion,inactive,32:18.7
acceleration,inactive,30:53.3
motion,active,30:50.9
acceleration,active,30:48.8
motion,inactive,29:36.3
acceleration,inactive,29:29.5
acceleration,active,29:25.2
status,open,29:25.1
motion,active,28:56.6
motion,inactive,27:22.2
motion,active,27:09.4
motion,inactive,26:56.6
motion,active,26:44.9
motion,inactive,26:03.7
motion,active,25:35.1
motion,inactive,25:16.2
motion,active,24:58.4
motion,inactive,24:01.4
motion,active,23:49.4
motion,inactive,23:38.9
motion,active,23:17.9
motion,inactive,23:07.2
motion,active,22:49.3
motion,inactive,22:38.4
motion,active,22:26.8
motion,inactive,22:08.8
motion,active,21:37.7
motion,inactive,21:33.4
motion,active,21:23.4
motion,inactive,21:22.4
acceleration,inactive,21:11.0
acceleration,active,21:07.4
motion,active,20:24.9
motion,inactive,20:00.8
motion,active,19:49.0
motion,inactive,19:48.0
motion,active,19:22.2
motion,inactive,19:14.3
motion,active,18:36.5
motion,inactive,18:32.5
motion,active,17:22.0
motion,inactive,17:06.7
motion,active,16:50.9
motion,inactive,16:48.2
motion,active,16:33.9
motion,inactive,16:16.8
motion,active,15:29.0
motion,inactive,15:27.8
motion,active,15:01.1
motion,inactive,15:00.1
motion,active,14:47.4
motion,inactive,14:41.9
motion,active,12:58.7
motion,inactive,12:54.0
motion,active,12:24.2
motion,inactive,12:22.7
motion,active,10:26.0
motion,inactive,10:21.9
motion,active,10:05.6
motion,inactive,09:56.6
motion,active,09:38.4
motion,inactive,09:33.8
motion,active,09:02.7
motion,inactive,08:42.5
motion,active,07:58.3
motion,inactive,07:56.0
motion,active,07:35.8
motion,inactive,07:20.8
motion,active,06:15.4
motion,inactive,06:13.3
motion,active,05:55.6
motion,inactive,05:47.1
motion,active,05:13.0
motion,inactive,05:11.8
motion,active,04:44.2
motion,inactive,04:41.9
motion,active,04:21.3
motion,inactive,04:03.3
motion,active,03:03.3
motion,inactive,02:59.1
motion,active,02:28.7
motion,inactive,02:16.6
motion,active,01:50.2
motion,inactive,01:40.6
motion,active,01:25.3
motion,inactive,01:24.2
motion,active,00:54.2
motion,inactive,00:48.1
motion,active,00:25.8
motion,inactive,00:19.1
motion,active,59:08.8
motion,inactive,59:04.4
motion,active,58:33.7
motion,inactive,58:20.0
motion,active,58:02.1
motion,inactive,57:56.8
motion,active,57:15.2
motion,inactive,56:51.8
motion,active,55:58.8
motion,inactive,55:56.4
motion,active,55:36.4
motion,inactive,55:33.2
motion,active,54:26.2
motion,inactive,54:25.1
motion,active,52:30.2
motion,inactive,52:20.0
motion,active,49:47.1
motion,inactive,49:46.1
motion,active,49:14.2
motion,inactive,48:55.8
motion,active,48:07.4
motion,inactive,47:52.1
acceleration,inactive,47:11.6
motion,active,47:11.2
acceleration,active,47:08.0
status,closed,47:07.8
acceleration,inactive,47:06.5
acceleration,active,47:03.2
motion,inactive,46:17.5
acceleration,inactive,46:11.7
acceleration,active,46:07.6
status,open,46:07.5
motion,active,46:02.7
motion,inactive,46:01.7
motion,active,45:31.7
motion,inactive,45:28.4
motion,active,44:35.9
motion,inactive,44:16.8
motion,active,44:02.7
motion,inactive,43:39.5
motion,active,43:27.7
motion,inactive,43:25.0
motion,active,42:51.6
motion,inactive,42:43.6
motion,active,42:32.3
motion,inactive,42:26.1
temperature,74,41:40.7
motion,active,41:28.7
motion,inactive,41:22.9
motion,active,41:08.0
motion,inactive,41:02.6
motion,active,40:36.5
motion,inactive,40:27.6
motion,active,40:07.4
motion,inactive,39:54.7
motion,active,39:25.1
motion,inactive,39:22.0
motion,active,38:48.1
motion,inactive,38:39.0
motion,active,38:19.9
motion,inactive,38:14.3
motion,active,37:44.9
motion,inactive,37:43.5
motion,active,36:50.2
motion,inactive,36:21.7
motion,active,34:57.8
motion,inactive,34:56.8
motion,active,34:17.7
motion,inactive,34:13.6
motion,active,33:53.3
motion,inactive,33:32.9
motion,active,33:17.1
motion,inactive,32:57.7
motion,active,32:26.7
motion,inactive,32:14.2
motion,active,32:01.5
motion,inactive,32:00.5
motion,active,31:44.7
motion,inactive,31:43.3
motion,active,31:29.2
motion,inactive,31:04.4
motion,active,30:28.6
motion,inactive,30:25.6
motion,active,30:10.1
motion,inactive,30:03.3
motion,active,29:35.7
motion,inactive,29:30.6
motion,active,29:14.4
motion,inactive,29:09.9
motion,active,28:44.3
motion,inactive,28:27.4
motion,active,28:15.3
motion,inactive,28:12.7
motion,active,27:25.1
motion,inactive,27:23.9
motion,active,26:54.8
motion,inactive,26:49.4
motion,active,26:34.9
motion,inactive,26:16.2
motion,active,25:41.5
motion,inactive,25:40.1
motion,active,25:20.7
motion,inactive,25:12.0
motion,active,24:43.9
motion,inactive,24:37.9
motion,active,24:24.9
motion,inactive,24:04.5
motion,active,23:53.5
motion,inactive,23:50.2
motion,active,23:39.6
motion,inactive,23:36.3
motion,active,23:02.2
motion,inactive,22:56.6
motion,active,22:23.5
motion,inactive,22:12.8
motion,active,21:58.1
motion,inactive,21:53.4
motion,active,21:38.4
motion,inactive,21:33.1
motion,active,21:21.4
motion,inactive,21:17.6
motion,active,20:39.5
motion,inactive,20:24.9
motion,active,19:21.1
motion,inactive,19:15.6
motion,active,18:15.3
motion,inactive,18:06.7
motion,active,17:42.0
motion,inactive,17:25.3
motion,active,16:48.0
motion,inactive,16:44.0
motion,active,15:50.0
motion,inactive,15:36.8
motion,active,15:25.3
motion,inactive,15:12.2
motion,active,14:58.6
motion,inactive,14:55.4
motion,active,14:38.8
motion,inactive,14:23.6
motion,active,13:58.4
motion,inactive,13:11.5
motion,active,12:41.4
motion,inactive,12:40.4
motion,active,12:21.8
motion,inactive,12:20.8
motion,active,12:00.5
motion,inactive,11:58.9
motion,active,11:47.3
motion,inactive,11:44.6
motion,active,08:46.3
motion,inactive,08:39.8
motion,active,08:28.2
motion,inactive,08:25.9
motion,active,07:50.4
motion,inactive,07:43.8
motion,active,07:28.4
motion,inactive,07:25.8
motion,active,06:43.7
motion,inactive,06:34.1
motion,active,05:53.1
motion,inactive,05:52.0
motion,active,05:05.0
motion,inactive,05:02.6
motion,active,04:43.6
motion,inactive,04:37.9
motion,active,04:05.5
motion,inactive,04:04.4
motion,active,03:22.6
motion,inactive,03:17.2
motion,active,01:14.0
motion,inactive,01:07.2
motion,active,00:56.7
motion,inactive,00:52.1
motion,active,00:03.8
motion,inactive,00:02.2
motion,active,59:05.4
motion,inactive,59:02.8
motion,active,58:21.3
acceleration,inactive,58:14.2
status,closed,58:10.6
acceleration,active,58:08.0
motion,inactive,57:07.1
acceleration,inactive,57:02.2
acceleration,active,56:56.0
status,open,56:55.9
motion,active,56:31.5
motion,inactive,56:29.1
motion,active,56:17.3
motion,inactive,56:09.4
motion,active,54:52.2
motion,inactive,54:44.1
motion,active,54:32.8
motion,inactive,54:31.8
motion,active,53:52.0
motion,inactive,53:30.5
motion,active,53:20.0
motion,inactive,53:05.1
motion,active,52:46.1
motion,inactive,52:45.0
motion,active,51:57.9
motion,inactive,51:48.9
motion,active,51:23.2
motion,inactive,51:12.3
motion,active,50:57.2
motion,inactive,50:53.2
motion,active,48:40.8
motion,inactive,48:26.5
motion,active,48:07.4
motion,inactive,47:49.8
motion,active,47:38.1
motion,inactive,47:20.2
motion,active,46:39.3
motion,inactive,46:30.3
motion,active,45:39.6
motion,inactive,45:38.2
motion,active,44:54.9
motion,inactive,44:49.3
motion,active,44:34.7
motion,inactive,44:28.4
motion,active,44:13.5
motion,inactive,44:06.7
motion,active,43:26.0
motion,inactive,43:25.0
motion,active,42:38.6
motion,inactive,42:22.0
motion,active,42:03.8
motion,inactive,42:02.8
motion,active,41:14.8
motion,inactive,41:10.7
motion,active,40:22.3
motion,inactive,40:21.3
motion,active,39:21.5
motion,inactive,39:09.5
motion,active,38:50.4
motion,inactive,38:48.0
motion,active,38:37.7
motion,inactive,38:30.3
motion,active,37:25.2
motion,inactive,37:03.0
motion,active,35:14.1
motion,inactive,35:06.1
motion,active,34:24.1
motion,inactive,34:23.0
motion,active,33:58.6
motion,inactive,33:57.0
motion,active,33:36.4
motion,inactive,33:28.7
motion,active,32:23.3
motion,inactive,32:22.3
temperature,73,31:26.4
motion,active,29:46.5
motion,inactive,29:44.7
acceleration,inactive,27:45.9
motion,active,27:44.7
status,closed,27:42.2
acceleration,active,27:39.7
motion,inactive,27:08.2
acceleration,inactive,27:05.3
acceleration,active,27:00.8
status,open,27:00.6
motion,active,25:59.5
motion,inactive,25:33.9
motion,active,24:59.2
motion,inactive,24:56.6
motion,active,24:42.8
motion,inactive,24:38.1
motion,active,23:26.2
motion,inactive,23:20.9
motion,active,22:58.8
motion,inactive,22:53.5
motion,active,21:22.9
motion,inactive,20:44.4
motion,active,20:33.1
motion,inactive,20:32.1
motion,active,20:21.9
motion,inactive,20:18.3
motion,active,17:42.3
acceleration,inactive,17:35.9
status,closed,17:31.9
acceleration,active,17:31.0
acceleration,inactive,16:17.5
status,open,16:13.0
acceleration,active,16:12.9
temperature,72,11:22.0
acceleration,inactive,54:11.3
status,closed,54:07.5
acceleration,active,54:06.4
motion,inactive,53:20.4
acceleration,inactive,53:13.8
acceleration,active,53:10.0
status,open,53:09.7
motion,active,51:26.2
motion,inactive,51:22.6
motion,active,50:37.5
motion,inactive,50:31.4
motion,active,49:30.8
motion,inactive,49:23.0
motion,active,49:07.7
motion,inactive,49:06.7
motion,active,48:55.0
motion,inactive,48:51.1
motion,active,48:30.7
motion,inactive,48:27.7
acceleration,inactive,47:37.1
motion,active,47:34.2
status,closed,47:33.2
acceleration,active,47:32.3
motion,inactive,47:02.3
acceleration,inactive,46:56.1
acceleration,active,46:52.1
status,open,46:51.7
motion,active,46:37.9
motion,inactive,46:36.9
motion,active,44:30.2
motion,inactive,44:17.9
motion,active,43:49.0
motion,inactive,43:32.6
motion,active,42:43.7
motion,inactive,42:38.4
acceleration,inactive,41:52.1
motion,active,41:51.2
status,closed,41:48.4
acceleration,active,41:46.9
motion,inactive,40:04.8
acceleration,inactive,39:58.0
acceleration,active,39:53.7
status,open,39:53.7
motion,active,39:47.4
motion,inactive,39:40.4
motion,active,39:30.0
motion,inactive,39:20.2
motion,active,38:53.0
motion,inactive,38:21.8
motion,active,36:57.4
motion,inactive,36:47.2
motion,active,36:37.0
motion,inactive,36:35.6
motion,active,36:20.3
motion,inactive,36:16.8
motion,active,36:00.7
motion,inactive,35:58.7
motion,active,34:47.1
motion,inactive,34:38.2
motion,active,34:12.3
motion,inactive,33:53.5
motion,active,33:38.2
motion,inactive,33:33.4
motion,active,33:14.1
motion,inactive,33:04.1
motion,active,32:38.9
motion,inactive,32:32.0
motion,active,32:11.4
motion,inactive,32:00.4
motion,active,31:37.0
motion,inactive,31:36.0
acceleration,inactive,31:03.6
motion,active,31:00.8
status,closed,30:59.8
acceleration,active,30:58.8
motion,inactive,30:32.9
acceleration,inactive,30:27.4
status,open,30:23.3
acceleration,active,30:23.2
motion,active,29:39.9
motion,inactive,29:32.9
motion,active,29:14.0
motion,inactive,29:13.0
motion,active,28:39.2
motion,inactive,28:30.5
motion,active,28:20.2
motion,inactive,27:34.6
motion,active,27:17.2
motion,inactive,27:05.9
motion,active,26:11.2
motion,inactive,25:42.8
motion,active,24:47.7
motion,inactive,24:42.8
motion,active,23:58.0
motion,inactive,23:56.3
motion,active,23:35.9
motion,inactive,23:33.4
motion,active,23:23.0
motion,inactive,23:19.6
motion,active,22:21.6
motion,inactive,22:17.2
motion,active,21:34.1
motion,inactive,21:28.5
motion,active,20:51.3
motion,inactive,20:47.1
motion,active,20:35.4
motion,inactive,20:28.5
motion,active,19:30.6
motion,inactive,19:28.2
motion,active,18:38.4
motion,inactive,18:19.6
acceleration,inactive,17:01.7
motion,active,16:59.5
status,closed,16:58.1
acceleration,active,16:56.8
motion,inactive,15:31.3
acceleration,inactive,15:28.0
acceleration,active,15:23.8
status,open,15:23.7
motion,active,14:11.5
motion,inactive,14:08.6
motion,active,13:51.0
motion,inactive,13:48.5
motion,active,13:29.9
motion,inactive,13:28.8
motion,active,13:14.8
motion,inactive,13:13.8
acceleration,inactive,12:24.7
motion,active,12:23.1
status,closed,12:20.9
acceleration,active,12:19.7
motion,inactive,11:56.4
acceleration,inactive,11:49.8
acceleration,active,11:45.7
status,open,11:45.6
motion,active,11:40.7
motion,inactive,11:39.1
motion,active,11:23.6
motion,inactive,11:20.3
motion,active,11:10.1
motion,inactive,11:05.7
motion,active,10:50.8
motion,inactive,10:39.5
motion,active,10:08.5
motion,inactive,10:02.7
motion,active,09:36.9
motion,inactive,09:35.0
motion,active,09:20.5
motion,inactive,09:19.4
motion,active,08:22.9
motion,inactive,08:21.9
motion,active,08:10.0
motion,inactive,07:57.1
motion,active,07:45.5
motion,inactive,07:18.8
motion,active,06:25.0
motion,inactive,06:19.6
motion,active,05:59.3
motion,inactive,05:55.5
motion,active,05:43.1
motion,inactive,05:38.0
motion,active,05:00.2
motion,inactive,04:16.9
motion,active,03:58.2
motion,inactive,03:57.2
motion,active,03:40.4
motion,inactive,03:36.9
motion,active,02:46.8
motion,inactive,02:38.7
motion,active,00:31.3
motion,inactive,00:30.0
motion,active,59:52.2
motion,inactive,59:34.8
motion,active,59:22.1
motion,inactive,59:17.3
acceleration,inactive,57:56.5
motion,active,57:55.2
status,closed,57:52.7
acceleration,active,57:51.5
motion,inactive,57:24.5
acceleration,inactive,57:17.5
acceleration,active,57:13.0
status,open,57:13.0
motion,active,56:49.2
motion,inactive,56:43.9
motion,active,56:19.8
motion,inactive,56:17.2
motion,active,56:06.0
motion,inactive,55:58.1
motion,active,54:39.1
motion,inactive,54:30.5
motion,active,53:56.7
motion,inactive,53:55.7
motion,active,53:24.9
motion,inactive,53:09.5
motion,active,52:53.5
motion,inactive,52:36.3
motion,active,51:44.9
motion,inactive,51:42.9
motion,active,49:53.1
motion,inactive,49:48.3
motion,active,49:03.1
motion,inactive,48:56.8
motion,active,48:45.7
motion,inactive,48:17.4
motion,active,48:02.8
motion,inactive,47:56.3
motion,active,47:16.4
motion,inactive,47:10.1
motion,active,46:54.6
motion,inactive,46:44.9
motion,active,44:28.7
motion,inactive,44:15.0
motion,active,43:40.0
motion,inactive,43:30.6
motion,active,43:12.0
motion,inactive,43:11.0
motion,active,42:34.3
motion,inactive,42:28.5
motion,active,41:40.0
motion,inactive,41:24.4
motion,active,41:05.2
motion,inactive,40:57.0
motion,active,40:32.0
motion,inactive,40:21.4
motion,active,39:30.6
motion,inactive,39:27.6
motion,active,38:56.4
motion,inactive,38:25.7
motion,active,37:31.2
motion,inactive,37:30.2
acceleration,inactive,36:12.6
motion,active,36:11.4
status,closed,36:09.0
acceleration,active,36:07.7
motion,inactive,35:42.8
acceleration,inactive,35:35.8
acceleration,active,35:31.6
status,open,35:31.5
motion,active,34:55.5
motion,inactive,34:50.6
motion,active,34:38.2
motion,inactive,34:32.1
motion,active,34:00.8
motion,inactive,33:31.2
motion,active,32:21.6
motion,inactive,32:10.4
motion,active,31:16.3
motion,inactive,31:15.0
motion,active,30:00.9
motion,inactive,29:58.4
motion,active,29:40.8
motion,inactive,29:39.6
motion,active,29:03.8
motion,inactive,29:00.1
motion,active,28:49.3
motion,inactive,28:46.3
motion,active,27:31.4
motion,inactive,27:22.0
motion,active,26:13.7
acceleration,inactive,26:03.7
status,closed,25:59.6
acceleration,active,25:57.0
status,open,25:56.7
acceleration,inactive,21:48.5
status,closed,21:45.0
acceleration,active,21:42.3
status,open,21:42.2
motion,inactive,21:25.9
motion,active,20:21.3
motion,inactive,20:17.9
motion,active,20:03.4
motion,inactive,19:38.6
motion,active,18:51.1
acceleration,inactive,18:49.6
status,closed,18:45.8
acceleration,active,18:43.5
motion,inactive,15:49.8
acceleration,inactive,15:45.6
status,open,15:40.9
acceleration,active,15:40.8
motion,active,14:49.4
motion,inactive,14:37.3
acceleration,inactive,13:36.7
motion,active,13:34.0
status,closed,13:33.0
status,open,13:30.6
acceleration,active,13:30.5
acceleration,inactive,47:41.0
status,closed,47:37.4
acceleration,active,47:34.9
status,open,47:34.8
acceleration,inactive,47:26.5
status,closed,47:23.0
acceleration,active,47:22.7
motion,inactive,47:18.8
motion,active,47:00.4
motion,inactive,46:16.3
acceleration,inactive,46:03.1
motion,active,46:02.9
acceleration,active,45:58.5
acceleration,inactive,32:44.9
acceleration,active,32:40.5
acceleration,inactive,32:35.7
acceleration,active,32:32.4
acceleration,inactive,32:31.0
motion,inactive,32:28.6
acceleration,active,32:22.7
motion,active,32:15.6
motion,inactive,32:14.6
motion,active,32:03.7
motion,inactive,32:00.3
motion,active,31:34.2
motion,inactive,31:32.1
motion,active,31:14.7
motion,inactive,31:05.9
motion,active,30:49.3
motion,inactive,30:43.1
motion,active,30:15.2
motion,inactive,30:10.8
motion,active,29:38.6
motion,inactive,29:03.5
motion,active,28:51.9
motion,inactive,28:06.4
motion,active,27:54.6
motion,inactive,27:41.1
motion,active,26:37.0
motion,inactive,26:30.2
motion,active,26:15.6
acceleration,inactive,26:13.4
acceleration,active,26:07.2
temperature,73,45:26.7
acceleration,inactive,44:14.0
acceleration,active,44:07.5
motion,inactive,43:49.0
motion,active,42:42.2
motion,inactive,41:29.1
motion,active,41:09.1
motion,inactive,40:45.0
motion,active,40:26.2
motion,inactive,40:25.1
motion,active,40:09.8
motion,inactive,39:15.6
motion,active,39:03.9
motion,inactive,39:02.9
motion,active,36:56.8
motion,inactive,36:50.6
motion,active,36:36.2
motion,inactive,36:13.9
motion,active,35:45.7
motion,inactive,35:33.9
motion,active,35:15.5
motion,inactive,34:29.4
motion,active,33:37.4
motion,inactive,33:22.5
acceleration,inactive,31:51.9
motion,active,31:50.9
acceleration,active,31:47.3
motion,inactive,31:35.2
acceleration,inactive,31:27.6
acceleration,active,31:23.6
motion,active,30:20.1
motion,inactive,30:15.9
motion,active,30:04.0
motion,inactive,29:59.2
motion,active,29:47.8
motion,inactive,29:29.8
motion,active,29:17.7
motion,inactive,28:17.1
motion,active,27:56.5
motion,inactive,27:00.3
motion,active,26:45.5
motion,inactive,26:35.7
temperature,72,25:22.6
acceleration,inactive,24:07.3
motion,active,24:04.4
acceleration,active,24:02.4
motion,inactive,23:36.0
acceleration,inactive,23:31.0
acceleration,active,23:26.9
motion,active,22:44.5
motion,inactive,22:31.5
motion,active,21:22.4
motion,inactive,21:03.3
motion,active,20:40.8
motion,inactive,20:30.8
motion,active,20:13.5
motion,inactive,20:12.5
motion,active,19:14.2
motion,inactive,18:58.4
motion,active,17:55.2
motion,inactive,17:48.7
motion,active,16:54.2
motion,inactive,16:47.0
motion,active,15:09.8
motion,inactive,15:04.7
motion,active,14:23.9
acceleration,inactive,13:46.1
acceleration,active,13:41.8
motion,inactive,13:26.6
acceleration,inactive,13:20.4
acceleration,active,13:16.0
acceleration,inactive,13:12.0
motion,active,13:09.4
acceleration,active,13:07.3
acceleration,inactive,11:56.5
motion,inactive,11:56.4
acceleration,active,11:52.4
status,open,11:52.2
motion,active,11:19.5
motion,inactive,11:06.1
motion,active,10:09.1
motion,inactive,09:53.4
motion,active,09:10.2
motion,inactive,09:05.5
motion,active,07:08.8
motion,inactive,06:57.6
motion,active,04:55.9
motion,inactive,04:37.6
motion,active,04:24.4
acceleration,inactive,41:11.3
acceleration,active,41:07.9
acceleration,inactive,09:03.9
acceleration,active,09:00.6
acceleration,inactive,02:05.3
acceleration,active,02:01.9
acceleration,inactive,39:39.4
status,closed,39:35.1
acceleration,active,39:33.6
acceleration,inactive,38:29.4
acceleration,active,38:25.1
status,open,38:25.0
acceleration,inactive,48:58.4
status,closed,48:54.6
acceleration,active,48:52.3
motion,inactive,48:13.9
acceleration,inactive,48:10.2
status,open,48:03.7
acceleration,active,48:03.3
motion,active,45:28.2
motion,inactive,45:27.2
motion,active,40:41.8
motion,inactive,40:37.3
temperature,71,34:51.2
motion,active,33:56.8
motion,inactive,33:55.8
motion,active,33:36.1
motion,inactive,33:34.3
acceleration,inactive,31:13.2
motion,active,31:10.1
status,closed,31:09.2
status,open,31:06.9
acceleration,active,31:06.8
acceleration,inactive,30:21.5
motion,inactive,30:21.2
status,closed,30:17.7
status,open,30:15.2
acceleration,active,30:14.7
motion,active,26:22.1
motion,inactive,26:21.1
motion,active,25:40.2
motion,inactive,25:37.4
motion,active,24:51.5
motion,inactive,24:49.7
motion,active,19:29.6
motion,inactive,19:28.6
motion,active,18:17.0
motion,inactive,18:09.7
motion,active,17:40.7
motion,inactive,17:39.7
acceleration,inactive,17:28.4
motion,active,17:25.2
status,closed,17:24.5
acceleration,active,17:22.2
motion,inactive,16:47.3
acceleration,inactive,16:40.5
status,open,16:36.1
acceleration,active,16:36.1
motion,active,16:30.4
motion,inactive,16:28.4
motion,active,15:58.9
motion,inactive,15:35.9
motion,active,08:32.5
motion,inactive,08:31.5
motion,active,08:10.3
motion,inactive,08:06.9
motion,active,02:55.1
motion,inactive,02:54.0
motion,active,02:34.8
motion,inactive,02:32.0
motion,active,01:14.6
motion,inactive,01:11.9
motion,active,58:15.4
motion,inactive,58:12.9
motion,active,57:20.1
motion,inactive,57:19.1
temperature,70,54:44.1
motion,active,50:32.6
motion,inactive,50:31.6
motion,active,49:52.7
motion,inactive,49:45.1
motion,active,47:17.9
motion,inactive,47:16.9
motion,active,43:27.0
motion,inactive,43:23.5
motion,active,40:52.3
motion,inactive,40:45.9
acceleration,inactive,39:50.6
motion,active,39:47.8
status,closed,39:46.7
acceleration,active,39:44.4
motion,inactive,39:13.9
acceleration,inactive,39:12.7
status,open,39:08.1
acceleration,active,39:08.1
acceleration,inactive,38:54.8
motion,active,38:53.8
status,closed,38:51.1
acceleration,active,38:50.2
acceleration,inactive,38:39.7
acceleration,active,38:35.2
acceleration,inactive,26:13.7
acceleration,active,26:09.1
acceleration,inactive,26:02.4
acceleration,active,25:56.3
acceleration,inactive,14:34.0
acceleration,active,14:30.7
acceleration,inactive,13:20.9
acceleration,active,13:16.0
acceleration,inactive,13:00.8
acceleration,active,12:56.9
motion,inactive,47:29.4
acceleration,inactive,47:27.8
acceleration,active,47:23.1
status,open,47:23.0
motion,active,47:11.9
motion,inactive,47:09.3
motion,active,45:51.8
motion,inactive,42:24.9
motion,active,42:06.9
acceleration,inactive,42:06.5
status,closed,42:02.6
acceleration,active,41:59.7
acceleration,inactive,33:08.7
status,open,33:03.9
acceleration,active,33:03.8
temperature,69,03:53.3
acceleration,inactive,07:36.4
status,closed,07:32.8
acceleration,active,07:30.2
acceleration,inactive,06:45.6
status,open,06:42.0
acceleration,active,06:41.5
temperature,70,33:26.6
temperature,71,28:14.5
motion,inactive,40:15.8
acceleration,inactive,39:35.1
motion,active,39:33.8
status,closed,39:31.4
acceleration,active,39:28.5
temperature,72,33:04.4
temperature,73,28:02.9
acceleration,inactive,24:32.7
acceleration,active,24:28.5
status,open,24:28.3
motion,inactive,24:22.2
motion,active,24:04.0
motion,inactive,23:46.6
motion,active,23:35.5
motion,inactive,23:20.9
motion,active,22:10.6
motion,inactive,22:03.3
motion,active,21:02.9
motion,inactive,20:23.4
motion,active,20:02.9
motion,inactive,19:59.6
motion,active,15:19.5
motion,inactive,15:12.6
motion,active,14:42.7
motion,inactive,14:26.9
motion,active,13:52.3
motion,inactive,13:32.6
motion,active,13:18.4
motion,inactive,13:14.0
motion,active,12:57.1
motion,inactive,12:41.8
motion,active,11:46.9
motion,inactive,11:44.8
motion,active,11:31.8
motion,inactive,11:23.9
motion,active,11:07.2
motion,inactive,11:03.7
motion,active,10:39.4
motion,inactive,10:24.1
motion,active,10:02.5
motion,inactive,10:01.4
motion,active,09:14.0
motion,inactive,09:10.5
motion,active,07:10.0
motion,inactive,07:01.7
motion,active,06:40.8
motion,inactive,06:26.7
motion,active,05:37.3
motion,inactive,05:35.2
motion,active,04:54.3
motion,inactive,04:39.2
motion,active,04:26.3
motion,inactive,04:25.2
motion,active,03:43.2
motion,inactive,03:32.4
motion,active,02:33.7
motion,inactive,02:18.4
motion,active,59:34.7
motion,inactive,59:24.5
motion,active,58:57.0
motion,inactive,58:52.3
acceleration,inactive,58:09.7
motion,active,58:08.0
status,closed,58:05.9
acceleration,active,58:03.8
motion,inactive,57:10.8
acceleration,inactive,57:04.4
acceleration,active,57:00.2
status,open,57:00.2
motion,active,54:33.0
motion,inactive,54:20.7
motion,active,52:25.2
motion,inactive,52:22.5
motion,active,50:41.1
motion,inactive,50:38.0
motion,active,48:36.0
motion,inactive,48:15.7
motion,active,45:58.4
motion,inactive,45:56.9
motion,active,45:16.4
motion,inactive,45:04.4
motion,active,44:35.7
motion,inactive,44:23.6
motion,active,44:03.3
motion,inactive,44:01.0
acceleration,inactive,43:34.8
motion,active,43:33.2
status,closed,43:31.1
acceleration,active,43:29.3
motion,inactive,42:52.8
acceleration,inactive,42:47.4
status,open,42:43.8
acceleration,active,42:43.3
motion,active,42:15.2
motion,inactive,42:06.7
motion,active,41:40.5
motion,inactive,41:38.9
motion,active,41:23.4
motion,inactive,41:16.8
motion,active,41:04.7
motion,inactive,40:59.1
motion,active,40:32.9
motion,inactive,40:17.0
motion,active,39:54.3
motion,inactive,39:47.8
motion,active,38:50.7
motion,inactive,38:44.1
motion,active,36:15.4
motion,inactive,36:08.0
motion,active,31:44.6
motion,inactive,31:33.6
motion,active,30:47.8
motion,inactive,30:30.6
motion,active,30:05.1
motion,inactive,30:04.1
motion,active,28:35.7
motion,inactive,28:33.7
motion,active,28:23.4
motion,inactive,28:14.8
motion,active,27:55.0
motion,inactive,27:53.1
motion,active,26:01.5
motion,inactive,25:57.5
motion,active,22:31.3
motion,inactive,22:28.4
motion,active,20:25.7
motion,inactive,20:14.6
motion,active,19:44.2
motion,inactive,19:36.3
motion,active,19:25.7
motion,inactive,19:24.5
motion,active,18:42.5
motion,inactive,18:35.1
motion,active,18:19.9
motion,inactive,18:14.4
motion,active,15:19.1
motion,inactive,15:18.1
motion,active,13:36.6
motion,inactive,12:54.4
motion,active,11:42.1
motion,inactive,11:26.6
motion,active,10:58.8
motion,inactive,10:33.0
motion,active,08:27.8
motion,inactive,08:14.7
motion,active,07:46.1
motion,inactive,07:18.9
motion,active,06:23.4
motion,inactive,06:19.1
motion,active,04:53.4
motion,inactive,04:50.5
motion,active,03:47.0
motion,inactive,03:36.8
motion,active,01:26.4
motion,inactive,01:24.6
motion,active,59:38.2
motion,inactive,58:46.9
motion,active,58:35.2
motion,inactive,58:27.2
motion,active,58:10.1
motion,inactive,57:44.0
motion,active,56:42.0
motion,inactive,56:26.9
motion,active,55:11.1
motion,inactive,55:04.1
motion,active,54:51.1
motion,inactive,54:46.1
motion,active,54:22.4
motion,inactive,54:20.3
motion,active,53:49.7
motion,inactive,53:35.9
motion,active,53:14.7
motion,inactive,53:12.0
motion,active,51:14.8
motion,inactive,51:13.3
motion,active,49:50.0
motion,inactive,49:46.1
acceleration,inactive,46:47.5
motion,active,46:46.5
status,closed,46:43.8
acceleration,active,46:42.1
motion,inactive,46:39.6
acceleration,inactive,46:38.8
acceleration,active,46:34.7
status,open,46:34.4
motion,active,46:10.5
motion,inactive,45:58.4
acceleration,inactive,45:52.4
status,closed,45:48.6
acceleration,active,45:48.0
acceleration,inactive,45:45.6
motion,active,45:43.9
acceleration,active,45:41.7
motion,inactive,44:16.6
acceleration,inactive,44:12.0
acceleration,active,44:07.7
motion,active,43:55.2
motion,inactive,43:54.2
motion,active,43:40.0
motion,inactive,43:34.1
motion,active,43:06.9
motion,inactive,42:57.4
motion,active,42:44.2
motion,inactive,42:36.2
motion,active,40:26.6
motion,inactive,40:18.1
motion,active,36:19.8
motion,inactive,36:03.8
motion,active,35:53.5
motion,inactive,35:35.9
motion,active,35:17.7
motion,inactive,35:12.6
motion,active,34:01.4
motion,inactive,34:00.3
motion,active,33:40.6
motion,inactive,33:36.1
motion,active,33:21.7
motion,inactive,33:14.7
motion,active,32:44.1
motion,inactive,32:32.7
motion,active,32:17.4
motion,inactive,32:09.7
motion,active,31:30.8
motion,inactive,31:27.7
motion,active,31:15.9
motion,inactive,31:14.8
motion,active,28:40.8
motion,inactive,28:35.7
motion,active,28:10.6
motion,inactive,28:05.3
motion,active,27:53.7
motion,inactive,27:44.6
motion,active,26:48.8
motion,inactive,26:47.8
motion,active,26:18.0
motion,inactive,26:16.4
motion,active,25:54.8
motion,inactive,25:51.2
motion,active,24:12.8
motion,inactive,24:05.6
motion,active,23:17.6
motion,inactive,23:13.3
motion,active,22:53.9
motion,inactive,22:52.9
motion,active,22:16.5
motion,inactive,22:15.0
motion,active,21:42.5
motion,inactive,21:11.3
motion,active,20:34.6
motion,inactive,20:32.1
motion,active,20:16.7
motion,inactive,20:13.7
motion,active,19:46.7
motion,inactive,19:39.0
motion,active,19:25.1
motion,inactive,19:23.4
motion,active,16:51.8
motion,inactive,16:45.9
motion,active,12:20.0
motion,inactive,12:05.3
acceleration,inactive,11:47.1
motion,active,11:44.8
acceleration,active,11:41.9
motion,inactive,10:57.8
acceleration,inactive,10:56.3
acceleration,active,10:51.6
motion,active,09:40.7
motion,inactive,09:36.4
motion,active,08:09.7
motion,inactive,08:08.7
motion,active,06:27.7
motion,inactive,06:24.2
motion,active,06:11.1
motion,inactive,06:09.9
motion,active,05:05.9
motion,inactive,04:59.6
motion,active,04:46.7
motion,inactive,04:37.5
motion,active,04:12.4
motion,inactive,04:08.5
motion,active,03:30.0
motion,inactive,03:27.7
motion,active,02:30.9
motion,inactive,02:27.5
motion,active,01:20.3
motion,inactive,01:09.7
motion,active,56:03.3
motion,inactive,56:00.1
motion,active,55:24.1
motion,inactive,55:17.2
motion,active,55:05.8
motion,inactive,54:28.4
motion,active,53:40.7
motion,inactive,53:25.5
motion,active,53:11.1
motion,inactive,53:04.9
motion,active,52:10.1
motion,inactive,52:05.5
motion,active,51:34.6
motion,inactive,51:22.2
motion,active,50:09.8
motion,inactive,50:08.7
motion,active,49:11.2
motion,inactive,49:05.8
motion,active,48:49.4
motion,inactive,48:43.2
motion,active,47:43.3
motion,inactive,47:41.8
motion,active,44:51.9
motion,inactive,44:44.0
temperature,72,42:31.0
motion,active,41:09.7
motion,inactive,40:49.6
motion,active,37:46.2
motion,inactive,37:41.7
motion,active,36:41.9
motion,inactive,36:32.4
motion,active,36:07.7
motion,inactive,35:51.1
motion,active,35:12.7
motion,inactive,34:14.1
motion,active,33:51.1
motion,inactive,33:45.8
motion,active,31:06.3
motion,inactive,30:54.3
acceleration,inactive,29:30.1
acceleration,active,29:25.6
acceleration,inactive,29:24.6
acceleration,active,29:20.4
status,open,29:20.4
motion,active,29:14.5
acceleration,inactive,29:12.7
status,closed,29:09.1
acceleration,active,29:06.7
motion,inactive,28:59.8
acceleration,inactive,28:53.2
status,open,28:49.3
acceleration,active,28:48.9
motion,active,28:00.0
motion,inactive,27:52.7
motion,active,27:29.0
motion,inactive,27:20.3
motion,active,26:32.5
motion,inactive,26:31.4
motion,active,25:18.7
motion,inactive,25:16.8
motion,active,24:53.7
motion,inactive,24:45.2
motion,active,23:47.8
motion,inactive,23:46.3
motion,active,23:14.0
motion,inactive,22:49.9
motion,active,22:01.8
motion,inactive,21:59.5
motion,active,21:40.0
motion,inactive,21:38.9
motion,active,19:43.3
motion,inactive,19:29.8
motion,active,19:01.7
motion,inactive,18:57.2
motion,active,18:44.5
motion,inactive,18:30.2
motion,active,18:16.6
motion,inactive,18:12.1
motion,active,17:58.7
motion,inactive,17:10.1
motion,active,16:58.6
motion,inactive,16:52.4
motion,active,16:37.7
motion,inactive,16:29.3
motion,active,16:19.0
motion,inactive,16:03.4
motion,active,15:38.0
motion,inactive,15:35.2
motion,active,14:29.7
motion,inactive,14:07.9
motion,active,13:42.7
motion,inactive,13:35.6
motion,active,13:26.0
motion,inactive,13:25.0
motion,active,13:13.3
motion,inactive,13:06.3
motion,active,12:48.7
motion,inactive,12:46.9
motion,active,12:36.5
motion,inactive,11:32.6
motion,active,11:14.5
motion,inactive,11:05.5
motion,active,10:01.6
motion,inactive,09:57.1
motion,active,09:26.4
motion,inactive,09:13.9
motion,active,08:20.7
motion,inactive,08:18.5
motion,active,07:32.3
motion,inactive,07:21.9
motion,active,01:42.4
acceleration,inactive,01:36.5
status,closed,01:32.4
acceleration,active,01:31.1
motion,inactive,59:19.0
acceleration,inactive,59:16.0
acceleration,active,59:11.9
status,open,59:11.9
motion,active,58:35.9
motion,inactive,58:33.6
motion,active,57:56.1
motion,inactive,57:53.9
motion,active,57:27.8
motion,inactive,57:26.7
motion,active,56:28.9
motion,inactive,56:27.8
motion,active,55:26.7
motion,inactive,55:09.4
motion,active,54:24.8
motion,inactive,54:13.4
motion,active,52:38.9
motion,inactive,52:24.2
motion,active,51:53.0
motion,inactive,51:27.1
motion,active,51:00.9
motion,inactive,50:49.3
motion,active,49:40.7
motion,inactive,49:32.9
motion,active,48:48.2
motion,inactive,48:45.1
motion,active,48:30.4
motion,inactive,48:28.7
temperature,71,47:20.0
motion,active,45:08.1
motion,inactive,45:01.0
motion,active,44:39.4
motion,inactive,44:25.1
motion,active,43:10.1
motion,inactive,43:07.0
motion,active,41:23.8
motion,inactive,41:13.1
motion,active,40:28.5
motion,inactive,40:19.8
motion,active,40:08.2
motion,inactive,40:07.1
motion,active,39:51.5
motion,inactive,39:50.3
motion,active,36:38.4
motion,inactive,36:18.7
motion,active,36:05.4
motion,inactive,36:01.5
motion,active,34:36.8
motion,inactive,34:24.6
motion,active,33:49.7
motion,inactive,33:47.3
motion,active,33:22.5
motion,inactive,33:12.2
motion,active,32:57.1
motion,inactive,32:50.4
motion,active,32:37.1
motion,inactive,32:30.9
motion,active,31:47.4
motion,inactive,31:45.3
motion,active,31:18.4
motion,inactive,31:17.1
motion,active,30:55.4
motion,inactive,30:26.0
motion,active,30:14.4
motion,inactive,30:13.4
motion,active,29:28.0
motion,inactive,29:23.2
motion,active,26:32.4
motion,inactive,25:54.9
motion,active,24:39.5
motion,inactive,23:59.5
motion,active,19:19.8
motion,inactive,19:15.7
motion,active,19:04.1
motion,inactive,19:00.3
motion,active,18:48.5
motion,inactive,18:34.9
motion,active,18:11.2
motion,inactive,18:08.6
motion,active,17:31.2
motion,inactive,17:15.8
motion,active,16:19.3
motion,inactive,16:14.4
motion,active,15:45.8
motion,inactive,15:35.2
motion,active,15:10.3
motion,inactive,15:09.3
motion,active,14:08.2
motion,inactive,13:59.9
motion,active,13:33.0
motion,inactive,13:18.7
motion,active,13:03.8
motion,inactive,12:47.4
motion,active,12:25.7
motion,inactive,12:18.6
motion,active,11:26.7
motion,inactive,11:24.3
motion,active,10:45.5
motion,inactive,10:38.3
motion,active,09:55.5
motion,inactive,09:51.4
motion,active,09:28.5
motion,inactive,09:19.2
motion,active,08:46.8
motion,inactive,08:43.0
motion,active,08:17.1
motion,inactive,08:15.7
motion,active,07:46.5
motion,inactive,07:45.1
motion,active,07:34.9
motion,inactive,07:30.9
temperature,72,07:12.1
motion,active,06:57.2
motion,inactive,06:54.3
motion,active,05:56.6
motion,inactive,05:52.2
motion,active,02:03.9
motion,inactive,01:56.6
acceleration,inactive,58:59.5
motion,active,58:56.3
status,closed,58:55.7
acceleration,active,58:54.4
motion,inactive,58:02.3
acceleration,inactive,57:57.5
acceleration,active,57:53.4
motion,active,51:48.9
motion,inactive,51:47.9
motion,active,43:25.4
motion,inactive,43:24.4
motion,active,39:21.6
acceleration,inactive,39:17.8
acceleration,active,39:12.7
motion,inactive,37:47.9
motion,active,37:19.9
motion,inactive,37:16.0
motion,active,35:49.0
motion,inactive,35:47.3
motion,active,31:33.0
motion,inactive,31:27.8
motion,active,29:58.2
motion,inactive,29:07.8
acceleration,inactive,29:04.0
acceleration,active,28:59.8
status,open,28:59.7
motion,active,28:14.4
motion,inactive,28:09.9
motion,active,27:48.3
motion,inactive,27:41.6
motion,active,19:46.6
motion,inactive,19:38.5
motion,active,17:14.7
motion,inactive,17:11.1
acceleration,inactive,16:40.9
motion,active,16:39.7
status,closed,16:37.1
acceleration,active,16:34.1
acceleration,inactive,15:58.5
motion,inactive,15:55.4
acceleration,active,15:52.4
status,open,15:52.3
motion,active,15:36.7
motion,inactive,15:29.5
motion,active,15:17.8
motion,inactive,15:03.9
motion,active,13:15.4
motion,inactive,13:14.4
motion,active,10:28.0
motion,inactive,10:21.6
motion,active,09:35.1
motion,inactive,09:29.0
motion,active,09:11.2
motion,inactive,09:10.1
motion,active,07:57.2
motion,inactive,07:49.9
motion,active,06:52.6
motion,inactive,06:48.1
motion,active,04:28.4
motion,inactive,03:57.8
motion,active,03:41.3
motion,inactive,03:36.5
motion,active,03:16.6
motion,inactive,03:07.5
motion,active,02:20.1
motion,inactive,02:11.9
motion,active,01:50.5
motion,inactive,01:49.5
motion,active,00:58.9
motion,inactive,00:48.9
motion,active,59:54.0
motion,inactive,59:50.8
motion,active,59:20.4
motion,inactive,59:11.5
acceleration,inactive,56:41.2
motion,active,56:41.0
status,closed,56:37.7
acceleration,active,56:34.1
motion,inactive,56:01.9
acceleration,inactive,55:56.2
acceleration,active,55:51.6
status,open,55:51.6
motion,active,55:08.1
motion,inactive,55:03.1
motion,active,54:35.6
motion,inactive,54:25.7
motion,active,52:56.5
motion,inactive,52:53.0
motion,active,52:32.0
motion,inactive,52:15.7
motion,active,52:05.5
motion,inactive,52:04.5
acceleration,inactive,51:04.9
motion,active,51:03.3
status,closed,51:01.1
acceleration,active,50:59.5
motion,inactive,49:36.5
motion,active,49:00.8
motion,inactive,48:42.2
acceleration,inactive,48:38.5
acceleration,active,48:34.2
motion,active,47:51.5
acceleration,inactive,47:40.8
motion,inactive,47:39.2
acceleration,active,47:37.4
motion,active,47:25.7
motion,inactive,46:46.6
motion,active,46:18.5
acceleration,inactive,45:24.6
acceleration,active,45:19.6
acceleration,inactive,45:10.4
acceleration,active,45:06.0
acceleration,inactive,44:17.9
acceleration,active,44:12.9
motion,inactive,43:45.4
motion,active,43:32.0
motion,inactive,43:01.2
motion,active,42:40.0
motion,inactive,42:38.8
motion,active,42:09.3
acceleration,inactive,40:40.4
acceleration,active,40:36.1
acceleration,inactive,39:50.8
acceleration,active,39:46.4
acceleration,inactive,39:41.8
acceleration,active,39:36.9
acceleration,inactive,39:11.9
acceleration,active,39:07.6
acceleration,inactive,36:35.1
acceleration,active,36:28.9
motion,inactive,35:49.9
acceleration,inactive,35:45.8
acceleration,active,35:39.5
motion,active,34:11.1
motion,inactive,34:07.6
motion,active,32:52.6
motion,inactive,32:50.6
motion,active,32:22.8
motion,inactive,32:19.3
motion,active,31:58.9
motion,inactive,31:50.4
motion,active,31:12.4
motion,inactive,31:09.3
motion,active,30:30.1
motion,inactive,30:19.4
motion,active,28:55.6
motion,inactive,28:28.1
motion,active,27:39.9
motion,inactive,27:37.2
motion,active,27:21.2
motion,inactive,26:49.8
motion,active,24:19.1
motion,inactive,24:14.8
motion,active,22:33.1
motion,inactive,22:21.4
motion,active,22:00.4
motion,inactive,21:59.4
motion,active,20:20.9
motion,inactive,19:49.1
acceleration,inactive,19:12.3
motion,active,19:09.5
acceleration,active,19:07.3
acceleration,inactive,19:05.5
acceleration,active,19:02.0
acceleration,inactive,18:59.0
acceleration,active,18:54.7
acceleration,inactive,18:10.0
acceleration,active,18:03.7
status,open,18:03.7
acceleration,inactive,17:33.3
status,closed,17:29.8
acceleration,active,17:27.0
acceleration,inactive,17:19.0
status,open,17:14.0
acceleration,active,17:13.9
acceleration,inactive,16:23.5
status,closed,16:19.8
acceleration,active,16:17.0
acceleration,inactive,15:30.6
acceleration,active,15:26.3
motion,inactive,14:33.9
motion,active,14:17.1
motion,inactive,13:53.6
motion,active,13:39.5
acceleration,inactive,12:55.0
acceleration,active,12:51.6
acceleration,inactive,11:03.6
motion,inactive,10:59.9
acceleration,active,10:59.1
motion,active,10:23.0
acceleration,inactive,10:03.8
acceleration,active,10:00.6
acceleration,inactive,09:45.0
acceleration,active,09:40.0
motion,inactive,08:50.4
motion,active,06:18.0
motion,inactive,05:01.2
motion,active,04:45.2
motion,inactive,03:17.5
motion,active,03:04.0
motion,inactive,01:30.7
motion,active,00:55.6
motion,inactive,00:30.8
acceleration,inactive,00:25.5
acceleration,active,00:21.2
acceleration,inactive,00:16.0
motion,active,00:15.3
acceleration,active,00:12.7
motion,inactive,59:26.3
motion,active,58:15.1
motion,inactive,58:10.3
motion,active,57:59.6
motion,inactive,57:53.6
motion,active,57:41.9
motion,inactive,57:14.0
motion,active,57:00.2
motion,inactive,56:33.6
motion,active,56:19.4
motion,inactive,56:05.2
motion,active,55:50.3
motion,inactive,55:40.4
motion,active,55:26.2
motion,inactive,55:18.0
motion,active,55:06.4
motion,inactive,54:17.4
motion,active,53:38.0
motion,inactive,53:17.5
motion,active,51:33.5
motion,inactive,51:16.2
motion,active,50:09.6
motion,inactive,49:46.5
motion,active,49:33.8
motion,inactive,49:24.0
motion,active,48:34.4
motion,inactive,48:28.1
motion,active,47:33.7
motion,inactive,47:30.3
motion,active,47:14.3
motion,inactive,47:13.3
motion,active,46:41.2
motion,inactive,46:36.6
motion,active,46:03.5
motion,inactive,44:58.5
acceleration,inactive,44:58.2
acceleration,active,44:53.6
motion,active,44:47.2
motion,inactive,44:12.9
motion,active,44:02.6
motion,inactive,43:42.5
acceleration,inactive,43:26.1
motion,active,43:25.7
acceleration,active,43:19.9
motion,inactive,42:33.4
acceleration,inactive,42:30.5
acceleration,active,42:24.1
motion,active,40:59.4
motion,inactive,40:49.8
motion,active,39:40.4
motion,inactive,39:38.5
motion,active,37:53.7
motion,inactive,37:43.5
motion,active,37:18.9
motion,inactive,37:16.4
motion,active,35:34.8
motion,inactive,35:32.3
motion,active,35:22.7
motion,inactive,35:21.7
motion,active,33:43.8
motion,inactive,33:27.1
motion,active,31:23.6
motion,inactive,31:11.8
motion,active,30:36.1
motion,inactive,30:32.7
motion,active,30:17.4
motion,inactive,30:01.8
motion,active,29:01.9
motion,inactive,29:00.9
motion,active,28:46.3
motion,inactive,28:42.0
motion,active,28:11.4
motion,inactive,28:10.1
motion,active,26:50.6
motion,inactive,26:44.0
motion,active,26:33.4
motion,inactive,26:31.5
motion,active,23:50.8
motion,inactive,23:46.3
motion,active,23:25.9
motion,inactive,23:09.3
motion,active,22:41.2
motion,inactive,22:24.8
motion,active,22:13.2
motion,inactive,22:12.2
motion,active,22:01.6
motion,inactive,21:55.6
motion,active,21:38.4
motion,inactive,21:32.5
motion,active,21:20.9
motion,inactive,21:17.5
motion,active,21:08.0
motion,inactive,21:07.0
motion,active,19:32.9
motion,inactive,19:31.9
motion,active,19:11.9
motion,inactive,19:01.3
motion,active,18:08.3
motion,inactive,17:42.4
motion,active,17:26.9
motion,inactive,17:06.5
motion,active,16:54.4
motion,inactive,16:40.4
motion,active,15:28.7
motion,inactive,15:27.1
motion,active,15:14.2
motion,inactive,15:13.2
motion,active,13:50.1
motion,inactive,13:47.3
motion,active,13:11.5
motion,inactive,13:08.3
motion,active,12:19.1
motion,inactive,12:13.6
motion,active,12:03.1
motion,inactive,12:01.3
motion,active,10:20.4
motion,inactive,10:17.6
motion,active,10:00.3
motion,inactive,09:56.5
motion,active,09:00.6
motion,inactive,08:40.9
motion,active,08:28.1
motion,inactive,08:12.5
motion,active,07:48.8
motion,inactive,07:47.8
motion,active,07:18.6
motion,inactive,07:06.6
motion,active,06:35.8
motion,inactive,05:58.4
motion,active,05:37.0
motion,inactive,05:35.0
motion,active,05:06.9
motion,inactive,05:05.9
temperature,73,01:34.4
motion,active,00:55.0
motion,inactive,00:40.1
motion,active,00:29.8
motion,inactive,00:16.6
motion,active,00:02.0
motion,inactive,59:48.2
motion,active,58:38.5
motion,inactive,58:33.0
motion,active,56:44.9
motion,inactive,56:40.4
motion,active,56:04.6
motion,inactive,55:16.3
motion,active,54:43.6
motion,inactive,54:23.5
motion,active,53:05.0
motion,inactive,52:58.0
motion,active,50:56.5
motion,inactive,50:50.0
motion,active,48:24.3
motion,inactive,48:20.3
motion,active,46:46.6
motion,inactive,46:43.9
acceleration,inactive,43:56.3
motion,active,43:55.9
acceleration,active,43:50.0
status,open,43:50.0
motion,inactive,36:08.9
acceleration,inactive,36:05.0
status,closed,36:01.8
acceleration,active,35:59.0
motion,active,35:49.1
motion,inactive,35:38.9
motion,active,33:56.9
motion,inactive,33:33.6
motion,active,31:49.7
motion,inactive,31:46.0
motion,active,31:21.6
motion,inactive,30:47.0
acceleration,inactive,29:50.7
motion,active,29:47.8
acceleration,active,29:44.1
motion,inactive,27:51.0
acceleration,inactive,27:44.8
acceleration,active,27:40.0
motion,active,27:12.7
motion,inactive,27:02.4
motion,active,26:29.3
motion,inactive,26:26.8
motion,active,26:15.1
motion,inactive,26:02.2
motion,active,23:24.0
motion,inactive,23:23.0
acceleration,inactive,22:58.4
motion,active,22:55.4
acceleration,active,22:52.1
motion,inactive,17:15.1
acceleration,inactive,17:09.9
acceleration,active,17:05.1
motion,active,16:55.3
motion,inactive,16:37.1
motion,active,16:22.4
motion,inactive,16:08.1
motion,active,15:16.3
motion,inactive,15:15.2
motion,active,14:43.8
motion,inactive,14:34.6
motion,active,14:19.0
motion,inactive,13:57.9
acceleration,inactive,13:14.0
motion,active,13:11.2
acceleration,active,13:07.5
status,open,13:07.5
acceleration,inactive,02:11.5
acceleration,active,02:07.7
temperature,72,46:08.5
acceleration,inactive,38:33.8
acceleration,active,38:29.9
acceleration,inactive,38:25.1
acceleration,active,38:21.5
status,closed,38:21.4
motion,inactive,38:04.1
acceleration,inactive,38:03.1
acceleration,active,37:58.4
motion,active,37:50.5
motion,inactive,37:35.3
motion,active,36:19.3
motion,inactive,36:12.0
temperature,73,36:05.9
motion,active,35:49.3
acceleration,inactive,35:46.8
acceleration,active,35:42.9
motion,inactive,30:10.4
acceleration,inactive,30:08.9
acceleration,active,30:04.1
status,open,30:04.0
motion,active,29:56.3
motion,inactive,29:31.7
motion,active,29:07.1
motion,inactive,27:43.4
motion,active,27:28.9
motion,inactive,27:27.9
motion,active,27:13.3
motion,inactive,26:46.9
motion,active,26:33.2
motion,inactive,26:19.1
motion,active,24:56.2
motion,inactive,24:25.2
motion,active,23:56.7
acceleration,inactive,23:43.7
acceleration,active,23:40.1
status,closed,23:39.9
motion,inactive,23:38.6
motion,active,22:53.1
motion,inactive,22:47.2
motion,active,21:57.1
motion,inactive,21:56.1
motion,active,20:40.8
motion,inactive,20:35.7
motion,active,20:02.0
motion,inactive,19:59.7
motion,active,19:47.1
motion,inactive,19:43.1
motion,active,19:15.3
motion,inactive,19:11.2
motion,active,16:48.7
motion,inactive,16:41.2
motion,active,16:06.3
motion,inactive,15:48.9
motion,active,15:25.0
motion,inactive,15:13.8
motion,active,14:02.4
motion,inactive,13:43.8
motion,active,13:26.5
motion,inactive,13:08.5
acceleration,inactive,12:37.1
motion,active,12:34.6
acceleration,active,12:32.4
motion,inactive,11:31.9
acceleration,inactive,11:26.6
acceleration,active,11:22.4
motion,active,09:26.2
temperature,72,25:39.9
acceleration,inactive,50:32.0
acceleration,active,50:28.7
motion,inactive,27:29.9
motion,active,27:06.7
motion,inactive,26:46.4
motion,active,26:28.4
motion,inactive,26:27.4
motion,active,26:16.9
motion,inactive,26:12.3
motion,active,25:14.1
motion,inactive,25:01.3
motion,active,22:15.0
motion,inactive,22:14.0
motion,active,21:44.7
motion,inactive,21:38.8
motion,active,19:37.1
motion,inactive,19:22.5
motion,active,18:57.4
motion,inactive,18:52.6
motion,active,18:41.1
motion,inactive,18:38.7
motion,active,16:59.9
motion,inactive,16:50.2
motion,active,13:28.1
motion,inactive,13:15.8
motion,active,13:01.9
motion,inactive,12:59.4
acceleration,inactive,12:45.2
motion,active,12:42.7
acceleration,active,12:40.7
acceleration,inactive,12:29.3
acceleration,active,12:25.1
acceleration,inactive,12:24.1
acceleration,active,12:18.4
motion,inactive,08:13.9
acceleration,inactive,08:12.1
acceleration,active,08:06.0
motion,active,06:51.5
motion,inactive,06:39.2
motion,active,06:03.5
motion,inactive,05:55.5
motion,active,04:00.2
motion,inactive,03:35.6
motion,active,02:35.9
motion,inactive,02:29.0
motion,active,00:24.7
motion,inactive,59:30.6
motion,active,53:38.6
motion,inactive,53:31.4
motion,active,53:18.0
motion,inactive,53:08.5
motion,active,51:01.5
motion,inactive,50:52.8
motion,active,49:02.2
motion,inactive,48:58.8
motion,active,46:37.0
motion,inactive,46:36.0
motion,active,45:05.8
motion,inactive,45:02.1
motion,active,42:53.7
motion,inactive,42:51.0
motion,active,42:25.5
motion,inactive,42:22.4
acceleration,inactive,39:57.6
motion,active,39:55.5
acceleration,active,39:51.9
acceleration,inactive,35:13.6
acceleration,active,35:09.0
motion,inactive,34:53.0
motion,active,34:39.7
motion,inactive,34:38.3
motion,active,34:12.1
motion,inactive,33:39.2
motion,active,33:25.3
motion,inactive,33:17.2
motion,active,32:12.7
acceleration,inactive,12:58.6
acceleration,active,12:52.7
motion,inactive,12:10.7
acceleration,inactive,12:07.0
acceleration,active,12:00.8
motion,active,11:24.5
motion,inactive,11:21.8
motion,active,09:50.5
motion,inactive,09:49.2
motion,active,06:20.4
motion,inactive,06:17.8
motion,active,06:03.5
motion,inactive,05:57.0
motion,active,04:03.7
motion,inactive,03:52.7
motion,active,03:39.6
motion,inactive,03:38.2
motion,active,03:23.0
motion,inactive,03:08.4
motion,active,01:18.9
motion,inactive,01:11.9
motion,active,00:24.6
motion,inactive,00:21.3
motion,active,00:01.4
motion,inactive,00:00.4
motion,active,59:23.7
motion,inactive,59:09.8
motion,active,58:49.3
motion,inactive,58:34.2
motion,active,58:16.8
motion,inactive,58:11.5
motion,active,58:01.0
motion,inactive,57:58.4
motion,active,57:16.2
motion,inactive,56:45.2
motion,active,55:40.8
motion,inactive,55:37.1
temperature,73,55:09.9
motion,active,55:04.2
motion,inactive,55:02.9
motion,active,53:53.4
motion,inactive,53:50.7
motion,active,48:07.1
motion,inactive,48:03.3
motion,active,39:02.3
motion,inactive,38:47.3
motion,active,37:08.6
motion,inactive,36:21.0
motion,active,36:01.6
motion,inactive,35:52.9
motion,active,35:09.9
motion,inactive,35:07.6
motion,active,34:55.9
motion,inactive,34:48.6
motion,active,34:37.4
motion,inactive,34:29.0
motion,active,33:33.3
motion,inactive,33:30.2
temperature,72,30:04.6
motion,active,29:13.0
motion,inactive,29:06.0
motion,active,28:09.2
motion,inactive,28:06.3
motion,active,25:26.7
motion,inactive,25:25.7
acceleration,inactive,23:34.1
motion,active,23:31.6
acceleration,active,23:28.4
motion,inactive,20:25.5
acceleration,inactive,20:21.4
status,open,20:16.1
acceleration,active,20:16.1
motion,active,19:22.9
motion,inactive,19:20.4
motion,active,17:34.9
motion,inactive,17:33.9
motion,active,15:21.8
motion,inactive,15:17.2
motion,active,14:25.2
motion,inactive,14:22.3
motion,active,12:41.6
motion,inactive,12:39.6
motion,active,12:27.9
motion,inactive,12:19.8
motion,active,10:00.4
motion,inactive,09:46.8
motion,active,07:39.7
motion,inactive,07:38.0
temperature,71,04:59.7
motion,active,00:10.1
motion,inactive,59:58.8
motion,active,59:47.8
motion,inactive,59:44.4
motion,active,54:59.5
motion,inactive,54:58.5
motion,active,53:43.7
motion,inactive,53:39.2
motion,active,49:43.3
motion,inactive,49:40.3
motion,active,48:39.2
motion,inactive,48:37.6
motion,active,45:27.8
motion,inactive,45:22.8
motion,active,45:11.4
motion,inactive,45:08.2
temperature,70,44:56.6
motion,active,42:22.0
motion,inactive,42:18.8
motion,active,41:39.0
motion,inactive,41:37.6
motion,active,36:46.9
motion,inactive,36:40.5
acceleration,inactive,33:27.6
motion,active,33:26.0
status,closed,33:23.7
acceleration,active,33:20.9
acceleration,inactive,30:55.7
motion,inactive,30:53.1
status,open,30:49.6
acceleration,active,30:49.5
motion,active,30:36.4
acceleration,inactive,43:33.8
status,closed,43:30.3
acceleration,active,43:27.3
acceleration,inactive,37:34.7
acceleration,active,37:31.3
acceleration,inactive,37:29.9
acceleration,active,37:26.5
acceleration,inactive,36:03.4
acceleration,active,35:59.3
status,open,35:59.2
temperature,69,39:15.7
temperature,70,08:59.8
temperature,71,53:24.0
motion,inactive,27:35.4
motion,active,26:43.9
motion,inactive,26:13.3
acceleration,inactive,26:01.0
motion,active,26:00.4
status,closed,25:57.2
acceleration,active,25:56.0
motion,inactive,25:43.4
acceleration,inactive,25:25.5
motion,active,25:08.8
acceleration,active,24:49.7
acceleration,inactive,18:43.3
motion,inactive,18:37.9
acceleration,active,18:37.0
status,open,18:36.9
motion,active,17:51.9
motion,inactive,17:46.4
motion,active,16:07.0
motion,inactive,16:04.0
motion,active,15:00.4
motion,inactive,14:52.2
motion,active,13:48.0
motion,inactive,13:42.6
motion,active,13:23.3
motion,inactive,12:44.2
motion,active,12:11.3
motion,inactive,12:06.3
motion,active,11:50.9
motion,inactive,11:43.5
motion,active,11:30.3
motion,inactive,11:21.5
motion,active,11:07.2
motion,inactive,10:35.5
motion,active,10:08.2
motion,inactive,09:31.4
motion,active,09:16.5
motion,inactive,08:37.1
motion,active,08:20.3
motion,inactive,07:20.4
motion,active,06:57.3
motion,inactive,06:39.2
motion,active,06:25.6
motion,inactive,05:29.4
motion,active,04:15.2
motion,inactive,04:06.9
motion,active,03:29.0
motion,inactive,03:10.7
motion,active,02:18.1
motion,inactive,02:16.2
motion,active,02:04.7
motion,inactive,01:29.9
motion,active,01:12.7
motion,inactive,00:46.4
motion,active,00:32.9
motion,inactive,00:19.6
motion,active,00:06.0
motion,inactive,59:22.9
motion,active,59:06.7
motion,inactive,58:59.8
motion,active,58:00.9
motion,inactive,57:55.5
motion,active,57:41.0
motion,inactive,57:11.3
motion,active,56:44.7
motion,inactive,56:30.7
motion,active,56:20.2
motion,inactive,56:15.9
motion,active,55:52.5
motion,inactive,55:39.9
motion,active,55:23.1
motion,inactive,54:52.8
motion,active,54:28.5
motion,inactive,54:10.0
motion,active,52:58.7
motion,inactive,52:38.3
motion,active,52:03.6
motion,inactive,51:47.7
motion,active,51:34.7
motion,inactive,51:28.3
motion,active,51:12.7
motion,inactive,50:59.7
motion,active,50:46.5
motion,inactive,50:38.5
motion,active,50:23.7
motion,inactive,50:10.5
motion,active,49:40.4
motion,inactive,48:17.4
motion,active,48:00.6
motion,inactive,47:54.7
motion,active,46:55.7
motion,inactive,46:48.6
motion,active,45:58.4
motion,inactive,45:55.8
motion,active,45:41.3
motion,inactive,45:32.0
motion,active,45:12.3
motion,inactive,45:11.2
motion,active,44:59.4
motion,inactive,44:56.9
motion,active,44:28.3
motion,inactive,42:51.5
motion,active,42:38.5
motion,inactive,42:20.0
motion,active,41:59.9
motion,inactive,41:55.6
motion,active,41:40.2
motion,inactive,41:28.5
motion,active,41:12.6
motion,inactive,39:24.8
motion,active,39:11.4
motion,inactive,39:02.3
motion,active,38:41.3
motion,inactive,38:36.3
motion,active,38:25.6
motion,inactive,37:58.1
motion,active,37:42.6
motion,inactive,37:36.6
motion,active,37:19.0
motion,inactive,37:18.0
motion,active,36:46.7
motion,inactive,36:44.6
motion,active,36:16.8
motion,inactive,36:10.7
motion,active,35:12.3
motion,inactive,34:49.2
motion,active,34:37.8
motion,inactive,34:18.9
motion,active,34:00.4
motion,inactive,33:13.2
motion,active,33:02.8
motion,inactive,33:00.2
motion,active,32:34.6
motion,inactive,31:54.5
motion,active,31:37.7
motion,inactive,31:36.3
motion,active,31:24.4
motion,inactive,31:10.4
motion,active,30:57.8
motion,inactive,30:49.6
motion,active,30:12.6
motion,inactive,30:09.8
motion,active,29:44.5
motion,inactive,29:37.8
motion,active,29:27.5
motion,inactive,29:24.1
motion,active,28:12.6
motion,inactive,28:11.6
motion,active,27:10.5
motion,inactive,27:06.7
motion,active,26:36.3
motion,inactive,26:17.6
motion,active,25:41.6
motion,inactive,25:40.0
motion,active,24:11.6
motion,inactive,23:45.3
motion,active,22:25.5
motion,inactive,21:55.3
motion,active,21:45.0
motion,inactive,20:44.3
motion,active,17:47.5
acceleration,inactive,17:34.1
status,closed,17:30.6
acceleration,active,17:25.7
motion,inactive,15:45.7
acceleration,inactive,15:42.6
acceleration,active,15:35.3
motion,active,15:28.6
motion,inactive,15:17.1
motion,active,14:10.6
motion,inactive,13:55.4
motion,active,11:33.2
motion,inactive,11:32.2
motion,active,11:17.9
motion,inactive,11:16.9
motion,active,10:58.9
motion,inactive,10:44.9
motion,active,10:17.5
motion,inactive,10:16.2
motion,active,09:36.2
motion,inactive,09:33.2
motion,active,09:07.6
motion,inactive,08:25.4
motion,active,08:01.1
motion,inactive,07:58.8
motion,active,06:45.6
motion,inactive,06:35.7
motion,active,06:10.8
motion,inactive,05:58.7
motion,active,05:37.0
motion,inactive,04:30.4
motion,active,04:20.1
motion,inactive,03:30.1
motion,active,03:19.8
motion,inactive,03:17.6
motion,active,02:57.0
motion,inactive,02:08.6
motion,active,01:05.2
motion,inactive,00:51.2
motion,active,59:36.8
motion,inactive,59:31.9
motion,active,59:05.7
motion,inactive,59:04.6
motion,active,58:48.8
motion,inactive,58:47.7
temperature,70,58:04.5
motion,active,56:47.4
motion,inactive,56:43.9
motion,active,56:15.8
motion,inactive,56:02.8
motion,active,54:49.7
motion,inactive,54:36.4
motion,active,54:25.8
motion,inactive,54:16.1
motion,active,52:29.2
motion,inactive,52:19.9
motion,active,51:47.8
motion,inactive,51:05.0
motion,active,49:20.5
motion,inactive,49:15.6
acceleration,inactive,48:20.0
motion,active,48:17.6
acceleration,active,48:14.0
motion,inactive,47:43.8
acceleration,inactive,47:41.1
acceleration,active,47:34.7
motion,active,44:36.7
motion,inactive,44:34.9
motion,active,42:33.3
motion,inactive,42:30.9
motion,active,41:57.9
motion,inactive,41:49.3
motion,active,41:34.7
motion,inactive,41:32.1
motion,active,41:14.4
motion,inactive,41:12.1
motion,active,41:01.8
motion,inactive,40:59.4
motion,active,39:34.1
motion,inactive,39:30.0
motion,active,39:17.1
motion,inactive,39:16.1
motion,active,38:35.5
motion,inactive,38:34.5
motion,active,38:12.9
motion,inactive,38:10.0
motion,active,37:56.1
motion,inactive,37:11.4
motion,active,36:02.6
motion,inactive,36:01.3
motion,active,35:26.0
motion,inactive,34:52.7
motion,active,32:04.2
motion,inactive,31:53.8
motion,active,31:43.7
motion,inactive,31:41.0
motion,active,31:29.3
motion,inactive,31:10.2
motion,active,29:31.5
motion,inactive,29:28.3
motion,active,28:23.6
motion,inactive,28:17.7
motion,active,25:29.0
motion,inactive,25:27.5
motion,active,24:43.7
motion,inactive,24:16.7
motion,active,24:00.0
motion,inactive,23:51.6
motion,active,22:52.8
motion,inactive,21:50.0
motion,active,18:04.3
motion,inactive,18:03.3
motion,active,17:35.4
motion,inactive,17:33.2
motion,active,14:49.9
motion,inactive,14:32.1
temperature,69,12:57.0
motion,active,08:41.1
motion,inactive,08:38.4
motion,active,05:21.8
motion,inactive,05:19.5
motion,active,03:41.7
motion,inactive,03:40.7
motion,active,01:49.1
motion,inactive,01:47.2
motion,active,58:29.5
motion,inactive,58:27.4
motion,active,56:04.8
motion,inactive,56:03.8
acceleration,inactive,52:56.7
motion,active,52:54.8
acceleration,active,52:50.8
motion,inactive,52:39.9
acceleration,inactive,52:37.1
acceleration,active,52:30.5
status,open,52:30.4
motion,active,52:25.9
motion,inactive,10:34.7
acceleration,inactive,10:27.6
acceleration,active,10:24.2
motion,active,09:12.6
motion,inactive,09:11.5
motion,active,01:46.5
motion,inactive,01:38.7
motion,active,56:46.4
motion,inactive,56:38.9
motion,active,55:40.6
motion,inactive,55:32.6
acceleration,inactive,53:03.4
motion,active,53:00.8
status,closed,52:59.7
acceleration,active,52:58.7
motion,inactive,52:22.6
acceleration,inactive,52:16.8
acceleration,active,52:12.8
status,open,52:12.6
motion,active,51:50.8
motion,inactive,51:45.0
motion,active,51:04.0
motion,inactive,50:59.5
motion,active,50:38.5
motion,inactive,50:19.5
motion,active,49:33.4
motion,inactive,49:32.3
motion,active,48:49.1
motion,inactive,48:46.2
motion,active,48:35.7
motion,inactive,48:31.5
motion,active,46:53.7
motion,inactive,46:48.6
motion,active,46:03.0
motion,inactive,45:50.1
motion,active,42:26.9
motion,inactive,42:23.1
motion,active,41:48.9
motion,inactive,41:47.6
motion,active,36:59.1
motion,inactive,36:57.7
motion,active,36:41.9
motion,inactive,36:36.2
motion,active,34:55.2
motion,inactive,34:52.8
motion,active,32:46.4
motion,inactive,32:43.3
motion,active,16:56.7
motion,inactive,16:43.1
motion,active,15:38.5
motion,inactive,15:35.9
motion,active,14:40.4
motion,inactive,14:39.7
temperature,68,12:39.0
motion,active,10:58.6
motion,inactive,10:55.4
motion,active,09:15.2
motion,inactive,09:13.7
motion,active,07:49.6
motion,inactive,07:48.2
motion,active,07:35.1
motion,inactive,07:31.0
motion,active,05:20.0
motion,inactive,05:15.2
motion,active,04:25.2
motion,inactive,04:19.9
motion,active,02:35.8
motion,inactive,02:30.7
motion,active,01:48.9
motion,inactive,01:46.2
motion,active,00:27.7
motion,inactive,00:24.3
motion,active,59:08.2
motion,inactive,59:00.9
motion,active,58:49.0
motion,inactive,58:44.6
motion,active,56:48.0
motion,inactive,56:46.4
motion,active,56:36.2
motion,inactive,56:30.9
motion,active,54:26.1
motion,inactive,54:23.9
motion,active,53:30.7
motion,inactive,53:24.1
motion,active,52:06.5
motion,inactive,52:02.0
motion,active,51:20.9
motion,inactive,51:19.5
motion,active,48:53.1
motion,inactive,48:35.3
motion,active,48:21.6
motion,inactive,48:18.9
motion,active,47:43.0
motion,inactive,47:19.1
motion,active,46:34.9
motion,inactive,46:31.0
motion,active,46:03.4
motion,inactive,45:55.5
motion,active,45:40.6
motion,inactive,45:39.0
motion,active,45:27.5
motion,inactive,45:26.4
motion,active,43:29.1
motion,inactive,43:22.0
motion,active,40:41.3
motion,inactive,40:39.2
motion,active,40:22.2
motion,inactive,40:18.4
motion,active,37:42.1
motion,inactive,37:35.5
motion,active,37:24.1
motion,inactive,37:20.2
motion,active,36:52.0
motion,inactive,36:49.9
temperature,67,32:32.8
acceleration,inactive,19:55.8
motion,active,19:55.2
status,closed,19:52.2
acceleration,active,19:49.2
status,open,19:49.1
motion,inactive,18:00.9
acceleration,inactive,17:56.5
status,closed,17:54.8
acceleration,active,17:51.5
status,open,17:51.5
motion,active,16:39.2
motion,inactive,16:37.6
motion,active,15:57.7
motion,inactive,15:51.1
motion,active,14:15.8
motion,inactive,13:58.5
motion,active,13:39.8
motion,inactive,13:31.6
motion,active,12:36.0
motion,inactive,12:23.3
motion,active,12:10.3
motion,inactive,12:02.2
motion,active,11:51.7
motion,inactive,11:48.2
motion,active,10:39.6
acceleration,inactive,10:29.7
status,closed,10:26.1
acceleration,active,10:21.6
temperature,66,07:29.1
motion,inactive,03:13.8
acceleration,inactive,03:09.9
acceleration,active,03:04.8
acceleration,inactive,03:01.2
motion,active,03:00.0
acceleration,active,02:56.7
acceleration,inactive,58:09.4
acceleration,active,58:04.6
motion,inactive,57:46.1
acceleration,inactive,57:40.3
acceleration,active,57:36.9
acceleration,inactive,57:29.0
motion,active,57:28.7
acceleration,active,57:24.2
motion,inactive,50:21.6
acceleration,inactive,50:19.8
acceleration,active,50:14.0
acceleration,inactive,50:11.1
motion,active,50:08.9
acceleration,active,50:05.1
motion,inactive,49:19.9
acceleration,inactive,49:14.0
acceleration,active,49:10.4
motion,active,49:06.4
acceleration,inactive,49:05.5
acceleration,active,49:00.8
acceleration,inactive,48:29.4
acceleration,active,48:26.0
acceleration,inactive,48:14.9
acceleration,active,48:10.9
,,
,,
,,
,,
,,
,,
,,
,,
,,
,,
,,
,,
,,
,,
,,
,,
,,
,,
,,
,,
,,
,,
,,
,,
,,
,,
,,
,,
,,
,,
,,
,,
,,
,,
,,
,,
,,
,,
,,
,,
,,
,,
,,
,,
,,
,,
,,
,,
,,
,,
,,
,,
,,
,,
,,
,,
,,
,,
,,
,,
,,
,,
,,
,,
,,
,,
,,
,,
,,
,,
,,
,,
,,
,,
,,
,,
,,
,,
,,
,,
,,
,,
,,
,,
,,
,,
,,
,,
,,
,,
,,
,,
,,
,,
,,
,,
,,
,,
,,
,,
,,
,,
,,
,,
,,
,,
,,
,,
,,
,,
,,
,,
,,
,,
,,
,,
,,
,,
,,
,,
,,
,,
,,
,,
,,
,,
,,
,,
,,
,,
,,
,,
,,
,,
,,
,,
,,
,,
,,
,,
,,
,,
,,
,,
,,
,,
,,
,,
,,
,,
,,
,,
,,
,,
,,
,,
,,
,,
,,
,,
,,
,,
,,
,,
,,
,,
,,
,,
,,
,,
,,
,,
,,
,,
,,
,,
,,
,,
,,
,,
,,
,,
,,
,,
,,
,,
,,
,,
,,
,,
,,
,,
,,
,,
,,
,,
,,
,,
,,
,,
,,
,,
,,
,,
,,
,,
,,
,,
,,
,,
,,
,,
,,
,,
,,
,,
,,
,,
,,
,,
,,
,,
,,
,,
,,
,,
,,
,,
,,
,,
,,
,,
,,
,,
,,
,,
,,
,,
,,
,,
,,
,,
,,
,,
,,
,,
,,
,,
,,
,,
,,
,,
,,
,,
,,
,,
,,
,,
,,
,,
,,
,,
,,
,,
,,
,,
,,
,,
,,
,,
,,
,,
,,
,,
,,
,,
,,
,,
,,
,,
,,
,,
,,
,,
,,
,,
,,
,,
,,
,,
,,
,,
,,
,,
,,
,,
,,
,,
,,
,,
,,
,,
,,
,,
,,
,,
,,
,,
,,
,,
,,
,,
,,
,,
,,
,,
,,
,,
,,
,,
,,
,,
,,
,,
,,
,,
,,
,,
,,
,,
,,
,,
,,
,,
,,
,,
,,
,,
,,
,,
,,
,,
,,
,,
,,
,,
,,
,,
,,
,,
,,
,,
,,
,,
,,
,,
,,
,,
,,
,,
,,
,,
,,
,,
,,
,,
,,
,,
,,
,,
,,
,,
,,
,,
,,
,,
,,
,,
,,
,,
,,
,,
,,
,,
,,
,,
,,
,,
,,
,,
,,
,,
,,
,,
,,
,,
,,
,,
,,
,,
,,
,,
,,
,,
,,
,,
,,
,,
,,
,,
,,
,,
,,
,,
,,
,,
,,
,,
,,
,,
,,
,,
,,
,,
,,
,,
,,
,,
,,
,,
,,
,,
,,
,,
,,
,,
,,
,,
,,
,,
,,
,,
,,
,,
,,
,,
,,
,,
,,
,,
,,
,,
,,
,,
,,
,,
,,
,,
,,
,,
,,
,,
,,
,,
,,
,,
,,
,,
,,
,,
,,
,,
,,
,,
,,
,,
,,
,,
,,
,,
,,
,,
,,
,,
,,
,,
,,
,,
,,
,,
,,
,,
,,
,,
,,
,,
,,
,,
,,
,,
,,
,,
,,
,,
,,
,,
,,
,,
,,
,,
,,
,,
,,
,,
,,
,,
,,
,,
,,
,,
,,
,,
,,
,,
,,
,,
,,
,,
,,
,,
,,
,,
,,
,,
,,
,,
,,
,,
,,
,,
,,
,,
,,
,,
,,
,,
,,
,,
,,
,,
,,
,,
,,
,,
,,
,,
,,
,,
,,
,,
,,
,,
,,
,,
,,
,,
,,
,,
,,
,,
,,
,,
,,
,,
,,
,,
,,
,,
,,
,,
,,
,,
,,
,,
,,
,,
,,
,,
,,
,,
,,
,,
,,
,,
,,
,,
,,
,,
,,
,,
,,
,,
,,
,,
,,
,,
,,
,,
,,
,,
,,
,,
,,
,,
,,
,,
,,
,,
,,
,,
,,
,,
,,
,,
,,
,,
,,
,,
,,
,,
,,
,,
,,
,,
,,
,,
,,
,,
,,
,,
,,
,,
,,
,,
,,
,,
,,
,,
,,
,,
,,
,,
,,
,,
,,
,,
,,
,,
,,
,,
,,
,,
,,
,,
,,
,,
,,
,,
,,
,,
,,
,,
,,
,,
,,
,,
,,
,,
,,
,,
,,
,,
,,
,,
,,
,,
,,
,,
,,
,,
,,
,,
,,
,,
,,
,,
,,
,,
,,
,,
,,
,,
,,
,,
,,
,,
,,
,,
,,
,,
,,
,,
,,
,,
,,
,,
,,
,,
,,
,,
,,
,,
,,
,,
,,
,,
,,
,,
,,
,,
,,
,,
,,
,,
,,
,,
,,
,,
,,
,,
,,
,,
,,
,,
,,
,,
,,
,,
,,
,,
,,
,,
,,
,,
,,
,,
,,
,,
,,
,,
,,
,,
,,
,,
,,
,,
,,
,,
,,
,,
,,
,,
,,
,,
,,
,,
,,
,,
,,
,,
,,
,,
,,
,,
,,
,,
,,
,,
,,
,,
,,
,,
,,
,,
,,
,,
,,
,,
,,
,,
,,
,,
,,
,,
,,
,,
,,
,,
,,
,,
,,
,,
,,
,,
,,
,,
,,
,,
,,
,,
,,
,,
,,
,,
,,
,,
,,
,,
,,
,,
,,
,,
,,
,,
,,
,,
,,
,,
,,
,,
,,
,,
,,
,,
,,
,,
,,
,,
,,
,,
,,
,,
,,
,,
,,
,,
,,
,,
,,
,,
,,
,,
,,
,,
,,
,,
,,
,,
,,
,,
,,
,,
,,
,,
,,
,,
,,
,,
,,
,,
,,
,,
,,
,,
,,
,,
,,
,,
,,
,,
,,
,,
,,
,,
,,
,,
,,
,,
,,
,,
,,
,,
,,
,,
,,
,,
,,
,,
,,
,,
,,
,,
,,
,,
,,
,,
,,
,,
,,
,,
,,
,,
,,
,,
,,
,,
,,
,,
,,
,,
,,
,,
,,
,,
,,
,,
,,
,,
,,
,,
,,
,,
,,
,,
,,
,,
,,
,,
,,
,,
,,
,,
,,
,,
,,
,,
,,
,,
,,
,,
,,
,,
,,
,,
,,
,,
,,
,,
,,
,,
,,
,,
,,
,,
,,
,,
,,
,,
,,
,,
,,
,,
,,
,,
,,
,,
,,
,,
,,
,,
,,
,,
,,
,,
,,
,,
,,
,,
,,
,,
,,
,,
,,
,,
,,
,,
,,
,,
,,
,,
,,
,,
,,
,,
,,
,,
,,
,,
,,
,,
,,
,,
,,
,,
,,
,,
,,
,,
,,
,,
,,
,,
,,
,,
,,
,,
,,
,,
,,
,,
,,
,,
,,
,,
,,
,,
,,
,,
,,
,,
,,
,,
,,
,,
,,
,,
,,
,,
,,
,,
,,
,,
,,
,,
,,
,,
,,
,,
,,
,,
,,
,,
,,
,,
,,
,,
,,
,,
,,
,,
,,
,,
,,
,,
,,
,,
,,
,,
,,
,,
,,
,,
,,
,,
,,
,,
,,
,,
,,
,,
,,
,,
,,
,,
,,
,,
,,
,,
,,
,,
,,
,,
,,
,,
,,
,,
,,
,,
,,
,,
,,
,,
,,
,,
,,
,,
,,
,,
,,
,,
,,
,,
,,
,,
,,
,,
,,
,,
,,
,,
,,
,,
,,
,,
,,
,,
,,
,,
,,
,,
,,
,,
,,
,,
,,
,,
,,
,,
,,
,,
,,
,,
,,
,,
,,
,,
,,
,,
,,
,,
,,
,,
,,
,,
,,
,,
,,
,,
,,
,,
,,
,,
,,
,,
,,
,,
,,
,,
,,
,,
,,
,,
,,
,,
,,
,,
,,
,,
,,
,,
,,
,,
,,
,,
,,
,,
,,
,,
,,
,,
,,
,,
,,
,,
,,
,,
,,
,,
,,
,,
,,
,,
,,
,,
,,
,,
,,
,,
,,
,,
,,
,,
,,
,,
,,
,,
,,
,,
,,
,,
,,
,,
,,
,,
,,
,,
,,
,,
,,
,,
,,
,,
,,
,,
,,
,,
,,
,,
,,
,,
,,
,,
,,
,,
,,
,,
,,
,,
,,
,,
,,
,,
,,
,,
,,
,,
,,
,,
,,
,,
,,
,,
,,
,,
,,
,,
,,
,,
,,
,,
,,
,,
,,
,,
,,
,,
,,
,,
,,
,,
,,
,,
,,
,,
,,
,,
,,
,,
,,
,,
,,
,,
,,
,,
,,
,,
,,
,,
,,
,,
,,
,,
,,
,,
,,
,,
,,
,,
,,
,,
,,
,,
,,
,,
,,
,,
,,
,,
,,
,,
,,
,,
,,
,,
,,
,,
,,
,,
,,
,,
,,
,,
,,
,,
,,
,,
,,
,,
,,
,,
,,
,,
,,
,,
,,
,,
,,
,,
,,
,,
,,
,,
,,
,,
,,
,,
,,
,,
,,
,,
,,
,,
,,
,,
,,
,,
,,
,,
,,
,,
,,
,,
,,
,,
,,
,,
,,
,,
,,
,,
,,
,,
,,
,,
,,
,,
,,
,,
,,
,,
,,
,,
,,
,,
,,
,,
,,
,,
,,
,,
,,
,,
,,
,,
,,
,,
,,
,,
,,
,,
,,
,,
,,
,,
,,
,,
,,
,,
,,
,,
,,
,,
,,
,,
,,
,,
,,
,,
,,
,,
,,
,,
,,
,,
,,
,,
,,
,,
,,
,,
,,
,,
,,
,,
,,
,,
,,
,,
,,
,,
,,
,,
,,
,,
,,
,,
,,
,,
,,
,,
,,
,,
,,
,,
,,
,,
,,
,,
,,
,,
,,
,,
,,
,,
,,
,,
,,
,,
,,
,,
,,
,,
,,
,,
,,
,,
,,
,,
,,
,,
,,
,,
,,
,,
,,
,,
,,
,,
,,
,,
,,
,,
,,
,,
,,
,,
,,
,,
,,
,,
,,
,,
,,
,,
,,
,,
,,
,,
,,
,,
,,
,,
,,
,,
,,
,,
,,
,,
,,
,,
,,
,,
,,
,,
,,
,,
,,
,,
,,
,,
,,
,,
,,
,,
,,
,,
,,
,,
,,
,,
,,
,,
,,
,,
,,
,,
,,
,,
,,
,,
,,
,,
,,
,,
,,
,,
,,
,,
,,
,,
,,
,,
,,
,,
,,
,,
,,
,,
,,
,,
,,
,,
,,
,,
,,
,,
,,
,,
,,
,,
,,
,,
,,
,,
,,
,,
,,
,,
,,
,,
,,
,,
,,
,,
,,
,,
,,
,,
,,
,,
,,
,,
,,
,,
,,
,,
,,
,,
,,
,,
,,
,,
,,
,,
,,
,,
,,
,,
,,
,,
,,
,,
,,
,,
,,
,,
,,
,,
,,
,,
,,
,,
,,
,,
,,
,,
,,
,,
,,
,,
,,
,,
,,
,,
,,
,,
,,
,,
,,
,,
,,
,,
,,
,,
,,
,,
,,
,,
,,
,,
,,
,,
,,
,,
,,
,,
,,
,,
,,
,,
,,
,,
,,
,,
,,
,,
,,
,,
,,
,,
,,
,,
,,
,,
,,
,,
,,
,,
,,
,,
,,
,,
,,
,,
,,
,,
,,
,,
,,
,,
,,
,,
,,
,,
,,
,,
,,
,,
,,
,,
,,
,,
,,
,,
,,
,,
,,
,,
,,
,,
,,
,,
,,
,,
,,
,,
,,
,,
,,
,,
,,
,,
,,
,,
,,
,,
,,
,,
,,
,,
,,
,,
,,
,,
,,
,,
,,
,,
,,
,,
,,
,,
,,
,,
,,
,,
,,
,,
,,
,,
,,
,,
,,
,,
,,
,,
,,
,,
,,
,,
,,
,,
,,
,,
,,
,,
,,
,,
,,
,,
,,
,,
,,
,,
,,
,,
,,
,,
,,
,,
,,
,,
,,
,,
,,
,,
,,
,,
,,
,,
,,
,,
,,
,,
,,
,,
,,
,,
,,
,,
,,
,,
,,
,,
,,
,,
,,
,,
,,
,,
,,
,,
,,
,,
,,
,,
,,
,,
,,
,,
,,
,,
,,
,,
,,
,,
,,
,,
,,
,,
,,
,,
,,
,,
,,
,,
,,
,,
,,
,,
,,
,,
,,
,,
,,
,,
,,
,,
,,
,,
,,
,,
,,
,,
,,
,,
,,
,,
,,
,,
,,
,,
,,
,,
,,
,,
,,
,,
,,
,,
,,
,,
,,
,,
,,
,,
,,
,,
,,
,,
,,
,,
,,
,,
,,
,,
,,
,,
,,
,,
,,
,,
,,
,,
,,
,,
,,
,,
,,
,,
,,
,,
,,
,,
,,
,,
,,
,,
,,
,,
,,
,,
,,
,,
,,
,,
,,
,,
,,
,,
,,
,,
,,
,,
,,
,,
,,
,,
,,
,,
,,
,,
,,
,,
,,
,,
,,
,,
,,
,,
,,
,,
,,
,,
,,
,,
,,
,,
,,
,,
,,
,,
,,
,,
,,
,,
,,
,,
,,
,,
,,
,,
,,
,,
,,
,,
,,
,,
,,
,,
,,
,,
,,
,,
,,
,,
,,
,,
,,
,,
,,
,,
,,
,,
,,
,,
,,
,,
,,
,,
,,
,,
,,
,,
,,
,,
,,
,,
,,
,,
,,
,,
,,
,,
,,
,,
,,
,,
,,
,,
,,
,,
,,
,,
,,
,,
,,
,,
,,
,,
,,
,,
,,
,,
,,
,,
,,
,,
,,
,,
,,
,,
,,
,,
,,
,,
,,
,,
,,
,,
,,
,,
,,
,,
,,
,,
,,
,,
,,
,,
,,
,,
,,
,,
,,
,,
,,
,,
,,
,,
,,
,,
,,
,,
,,
,,
,,
,,
,,
,,
,,
,,
,,
,,
,,
,,
,,
,,
,,
,,
,,
,,
,,
,,
,,
,,
,,
,,
,,
,,
,,
,,
,,
,,
,,
,,
,,
,,
,,
,,
,,
,,
,,
,,
,,
,,
,,
,,
,,
,,
,,
,,
,,
,,
,,
,,
,,
,,
,,
,,
,,
,,
,,
,,
,,
,,
,,
,,
,,
,,
,,
,,
,,
,,
,,
,,
,,
,,
,,
,,
,,
,,
,,
,,
,,
,,
,,
,,
,,
,,
,,
,,
,,
,,
,,
,,
,,
,,
,,
,,
,,
,,
,,
,,
,,
,,
,,
,,
,,
,,
,,
,,
,,
,,
,,
,,
,,
,,
,,
,,
,,
,,
,,
,,
,,
,,
,,
,,
,,
,,
,,
,,
,,
,,
,,
,,
,,
,,
,,
,,
,,
,,
,,
,,
,,
,,
,,
,,
,,
,,
,,
,,
,,
,,
,,
,,
,,
,,
,,
,,
,,
,,
,,
,,
,,
,,
,,
,,
,,
,,
,,
,,
,,
,,
,,
,,
,,
,,
,,
,,
,,
,,
,,
,,
,,
,,
,,
,,
,,
,,
,,
,,
,,
,,
,,
,,
,,
,,
,,
,,
,,
,,
,,
,,
,,
,,
,,
,,
,,
,,
,,
,,
,,
,,
,,
,,
,,
,,
,,
,,
,,
,,
,,
,,
,,
,,
,,
,,
,,
,,
,,
,,
,,
,,
,,
,,
,,
,,
,,
,,
,,
,,
,,
,,
,,
,,
,,
,,
,,
,,
,,
,,
,,
,,
,,
,,
,,
,,
,,
,,
,,
,,
,,
,,
,,
,,
,,
,,
,,
,,
,,
,,
,,
,,
,,
,,
,,
,,
,,
,,
,,
,,
,,
,,
,,
,,
,,
,,
,,
,,
,,
,,
,,
,,
,,
,,
,,
,,
,,
,,
,,
,,
,,
,,
,,
,,
,,
,,
,,
,,
,,
,,
,,
,,
,,
,,
,,
,,
,,
,,
,,
,,
,,
,,
,,
,,
,,
,,
,,
,,
,,
,,
,,
,,
,,
,,
,,
,,
,,
,,
,,
,,
,,
,,
,,
,,
,,
,,
,,
,,
,,
,,
,,
,,
,,
,,
,,
,,
,,
,,
,,
,,
,,
,,
,,
,,
,,
,,
,,
,,
,,
,,
,,
,,
,,
,,
,,
,,
,,
,,
,,
,,
,,
,,
,,
,,
,,
,,
,,
,,
,,
,,
,,
,,
,,
,,
,,
,,
,,
,,
,,
,,
,,
,,
,,
,,
,,
,,
,,
,,
,,
,,
,,
,,
,,
,,
,,
,,
,,
,,
,,
,,
,,
,,
,,
,,
,,
,,
,,
,,
,,
,,
,,
,,
,,
,,
,,
,,
,,
,,
,,
,,
,,
,,
,,
,,
,,
,,
,,
,,
,,
,,
,,
,,
,,
,,
,,
,,
,,
,,
,,
,,
,,
,,
,,
,,
,,
,,
,,
,,
,,
,,
,,
,,
,,
,,
,,
,,
,,
,,
,,
,,
,,
,,
,,
,,
,,
,,
,,
,,
,,
,,
,,
,,
,,
,,
,,
,,
,,
,,
,,
,,
,,
,,
,,
,,
,,
,,
,,
,,
,,
,,
,,
,,
,,
,,
,,
,,
,,
,,
,,
,,
,,
,,
,,
,,
,,
,,
,,
,,
,,
,,
,,
,,
,,
,,
,,
,,
,,
,,
,,
,,
,,
,,
,,
,,
,,
,,
,,
,,
,,
,,
,,
,,
,,
,,
,,
,,
,,
,,
,,
,,
,,
,,
,,
,,
,,
,,
,,
,,
,,
,,
,,
,,
,,
,,
,,
,,
,,
,,
,,
,,
,,
,,
,,
,,
,,
,,
,,
,,
,,
,,
,,
,,
,,
,,
,,
,,
,,
,,
,,
,,
,,
,,
,,
,,
,,
,,
,,
,,
,,
,,
,,
,,
,,
,,
,,
,,
,,
,,
,,
,,
,,
,,
,,
,,
,,
,,
,,
,,
,,
,,
,,
,,
,,
,,
,,
,,
,,
,,
,,
,,
,,
,,
,,
,,
,,
,,
,,
,,
,,
,,
,,
,,
,,
,,
,,
,,
,,
,,
,,
,,
,,
,,
,,
,,
,,
,,
,,
,,
,,
,,
,,
,,
,,
,,
,,
,,
,,
,,
,,
,,
,,
,,
,,
,,
,,
,,
,,
,,
,,
,,
,,
,,
,,
,,
,,
,,
,,
,,
,,
,,
,,
,,
,,
,,
,,
,,
,,
,,
,,
,,
,,
,,
,,
,,
,,
,,
,,
,,
,,
,,
,,
,,
,,
,,
,,
,,
,,
,,
,,
,,
,,
,,
,,
,,
,,
,,
,,
,,
,,
,,
,,
,,
,,
,,
